month,bnf_name,bnf_code,total_items,total_cost
2012-07-01 00:00:00+00:00,Vyvanse_Cap 70mg,0404000U0BBAFAF,1,192.74
2012-10-01 00:00:00+00:00,Vyvanse_Cap 40mg,0404000U0BBACAC,1,114.73
2012-11-01 00:00:00+00:00,Vyvanse_Cap 40mg,0404000U0BBACAC,1,1172.46
2012-11-01 00:00:00+00:00,Vyvanse_Cap 70mg,0404000U0BBAFAF,1,203.06
2012-12-01 00:00:00+00:00,Vyvanse_Cap 70mg,0404000U0BBAFAF,1,200.2
2013-02-01 00:00:00+00:00,Vyvanse_Cap 40mg,0404000U0BBACAC,1,537.37
2013-02-01 00:00:00+00:00,Vyvanse_Cap 70mg,0404000U0BBAFAF,1,337.25
2013-03-01 00:00:00+00:00,Vyvanse_Cap 70mg,0404000U0BBAFAF,1,121.29
2013-03-01 00:00:00+00:00,Elvanse_Cap 30mg,0404000U0BCAAAB,9,563.78
2013-03-01 00:00:00+00:00,Elvanse_Cap 50mg,0404000U0BCACAD,1,63.43
2013-04-01 00:00:00+00:00,Elvanse_Cap 70mg,0404000U0BCABAF,2,159.16000000000003
2013-04-01 00:00:00+00:00,Elvanse_Cap 50mg,0404000U0BCACAD,2,135.82999999999998
2013-04-01 00:00:00+00:00,Lisdexamfetamine_Cap 70mg,0404000U0AAAFAF,3,427.9
2013-05-01 00:00:00+00:00,Elvanse_Cap 70mg,0404000U0BCABAF,10,937.54
2013-05-01 00:00:00+00:00,Lisdexamfetamine_Cap 50mg,0404000U0AAADAD,6,332.48
2013-05-01 00:00:00+00:00,Lisdexamfetamine_Cap 70mg,0404000U0AAAFAF,1,76.74
2013-05-01 00:00:00+00:00,Elvanse_Cap 30mg,0404000U0BCAAAB,25,1438.5
2013-05-01 00:00:00+00:00,Elvanse_Cap 50mg,0404000U0BCACAD,7,352.94
2013-05-01 00:00:00+00:00,Lisdexamfetamine_Cap 30mg,0404000U0AAABAB,13,967.45
2013-06-01 00:00:00+00:00,Lisdexamfetamine_Cap 70mg,0404000U0AAAFAF,3,230.10000000000002
2013-06-01 00:00:00+00:00,Elvanse_Cap 70mg,0404000U0BCABAF,13,792.0600000000002
2013-06-01 00:00:00+00:00,Elvanse_Cap 50mg,0404000U0BCACAD,23,1160.1699999999998
2013-06-01 00:00:00+00:00,Lisdexamfetamine_Cap 50mg,0404000U0AAADAD,10,632.67
2013-06-01 00:00:00+00:00,Elvanse_Cap 30mg,0404000U0BCAAAB,42,2340.05
2013-06-01 00:00:00+00:00,Lisdexamfetamine_Cap 30mg,0404000U0AAABAB,32,1987.7300000000007
2013-07-01 00:00:00+00:00,Elvanse_Cap 70mg,0404000U0BCABAF,21,1527.5599999999997
2013-07-01 00:00:00+00:00,Elvanse_Cap 50mg,0404000U0BCACAD,45,2706.309999999999
2013-07-01 00:00:00+00:00,Lisdexamfetamine_Cap 30mg,0404000U0AAABAB,37,2611.68
2013-07-01 00:00:00+00:00,Lisdexamfetamine_Cap 50mg,0404000U0AAADAD,18,1060.96
2013-07-01 00:00:00+00:00,Elvanse_Cap 30mg,0404000U0BCAAAB,64,3349.33
2013-07-01 00:00:00+00:00,Vyvanse_Cap 70mg,0404000U0BBAFAF,2,314.72
2013-07-01 00:00:00+00:00,Lisdexamfetamine_Cap 70mg,0404000U0AAAFAF,10,773.28
2013-08-01 00:00:00+00:00,Lisdexamfetamine_Cap 30mg,0404000U0AAABAB,45,2802.7200000000007
2013-08-01 00:00:00+00:00,Lisdexamfetamine_Cap 70mg,0404000U0AAAFAF,6,460.67999999999995
2013-08-01 00:00:00+00:00,Elvanse_Cap 30mg,0404000U0BCAAAB,78,4224.010000000002
2013-08-01 00:00:00+00:00,Elvanse_Cap 70mg,0404000U0BCABAF,26,2054.2699999999995
2013-08-01 00:00:00+00:00,Elvanse_Cap 50mg,0404000U0BCACAD,55,3100.79
2013-08-01 00:00:00+00:00,Lisdexamfetamine_Cap 50mg,0404000U0AAADAD,27,1723.9399999999991
2013-09-01 00:00:00+00:00,Elvanse_Cap 50mg,0404000U0BCACAD,71,4312.76
2013-09-01 00:00:00+00:00,Lisdexamfetamine_Cap 70mg,0404000U0AAAFAF,20,1618.7699999999995
2013-09-01 00:00:00+00:00,Elvanse_Cap 30mg,0404000U0BCAAAB,85,4897.450000000003
2013-09-01 00:00:00+00:00,Lisdexamfetamine_Cap 30mg,0404000U0AAABAB,55,3727.600000000001
2013-09-01 00:00:00+00:00,Elvanse_Cap 70mg,0404000U0BCABAF,45,3459.9699999999993
2013-09-01 00:00:00+00:00,Lisdexamfetamine_Cap 50mg,0404000U0AAADAD,29,1726.8799999999997
2013-10-01 00:00:00+00:00,Lisdexamfetamine_Cap 50mg,0404000U0AAADAD,57,3629.1600000000008
2013-10-01 00:00:00+00:00,Elvanse_Cap 30mg,0404000U0BCAAAB,130,6891.479999999998
2013-10-01 00:00:00+00:00,Lisdexamfetamine_Cap 30mg,0404000U0AAABAB,75,4456.31
2013-10-01 00:00:00+00:00,Elvanse_Cap 50mg,0404000U0BCACAD,100,6018.320000000002
2013-10-01 00:00:00+00:00,Elvanse_Cap 70mg,0404000U0BCABAF,61,4425.450000000001
2013-10-01 00:00:00+00:00,Lisdexamfetamine_Cap 70mg,0404000U0AAAFAF,27,2105.04
2013-11-01 00:00:00+00:00,Lisdexamfetamine_Cap 30mg,0404000U0AAABAB,99,6375.579999999994
2013-11-01 00:00:00+00:00,Lisdexamfetamine_Cap 70mg,0404000U0AAAFAF,36,2671.8199999999993
2013-11-01 00:00:00+00:00,Lisdexamfetamine_Cap 50mg,0404000U0AAADAD,67,4098.519999999999
2013-11-01 00:00:00+00:00,Elvanse_Cap 50mg,0404000U0BCACAD,128,8321.96
2013-11-01 00:00:00+00:00,Elvanse_Cap 30mg,0404000U0BCAAAB,166,9666.519999999993
2013-11-01 00:00:00+00:00,Elvanse_Cap 70mg,0404000U0BCABAF,59,4516.919999999998
2013-12-01 00:00:00+00:00,Elvanse_Cap 70mg,0404000U0BCABAF,65,5214.309999999999
2013-12-01 00:00:00+00:00,Lisdexamfetamine_Cap 70mg,0404000U0AAAFAF,50,4015.2
2013-12-01 00:00:00+00:00,Elvanse_Cap 30mg,0404000U0BCAAAB,180,10506.300000000005
2013-12-01 00:00:00+00:00,Lisdexamfetamine_Cap 50mg,0404000U0AAADAD,89,5856.960000000004
2013-12-01 00:00:00+00:00,Lisdexamfetamine_Cap 30mg,0404000U0AAABAB,112,6354.760000000003
2013-12-01 00:00:00+00:00,Elvanse_Cap 50mg,0404000U0BCACAD,133,9071.190000000002
2014-01-01 00:00:00+00:00,Elvanse 50mg capsules,0404000U0BCACAD,149,10029.928399999999
2014-01-01 00:00:00+00:00,Lisdexamfetamine 50mg capsules,0404000U0AAADAD,117,7751.290599999999
2014-01-01 00:00:00+00:00,Elvanse 70mg capsules,0404000U0BCABAF,64,5465.210230000001
2014-01-01 00:00:00+00:00,Lisdexamfetamine 70mg capsules,0404000U0AAAFAF,57,4553.203240000001
2014-01-01 00:00:00+00:00,Elvanse 30mg capsules,0404000U0BCAAAB,224,13444.301719999996
2014-01-01 00:00:00+00:00,Lisdexamfetamine 30mg capsules,0404000U0AAABAB,117,7394.268449999997
2014-02-01 00:00:00+00:00,Lisdexamfetamine 70mg capsules,0404000U0AAAFAF,59,4747.895640000001
2014-02-01 00:00:00+00:00,Elvanse 30mg capsules,0404000U0BCAAAB,208,11579.075829999998
2014-02-01 00:00:00+00:00,Lisdexamfetamine 50mg capsules,0404000U0AAADAD,128,8452.713709999995
2014-02-01 00:00:00+00:00,Lisdexamfetamine 30mg capsules,0404000U0AAABAB,112,6869.609810000002
2014-02-01 00:00:00+00:00,Elvanse 50mg capsules,0404000U0BCACAD,156,10532.506139999994
2014-02-01 00:00:00+00:00,Elvanse 70mg capsules,0404000U0BCABAF,66,5348.69025
2014-03-01 00:00:00+00:00,Elvanse 30mg capsules,0404000U0BCAAAB,262,15407.52343000001
2014-03-01 00:00:00+00:00,Elvanse 50mg capsules,0404000U0BCACAD,209,13669.698979999997
2014-03-01 00:00:00+00:00,Lisdexamfetamine 30mg capsules,0404000U0AAABAB,141,8781.251760000001
2014-03-01 00:00:00+00:00,Lisdexamfetamine 70mg capsules,0404000U0AAAFAF,68,5921.6196899999995
2014-03-01 00:00:00+00:00,Elvanse 70mg capsules,0404000U0BCABAF,86,7211.30098
2014-03-01 00:00:00+00:00,Lisdexamfetamine 50mg capsules,0404000U0AAADAD,145,9099.87449
2014-04-01 00:00:00+00:00,Elvanse 70mg capsules,0404000U0BCABAF,97,7815.921839999998
2014-04-01 00:00:00+00:00,Elvanse 30mg capsules,0404000U0BCAAAB,264,15401.00205000001
2014-04-01 00:00:00+00:00,Lisdexamfetamine 30mg capsules,0404000U0AAABAB,157,9537.894280000006
2014-04-01 00:00:00+00:00,Lisdexamfetamine 50mg capsules,0404000U0AAADAD,170,10694.541069999997
2014-04-01 00:00:00+00:00,Elvanse 50mg capsules,0404000U0BCACAD,188,13059.393469999995
2014-04-01 00:00:00+00:00,Lisdexamfetamine 70mg capsules,0404000U0AAAFAF,79,6254.2322399999985
2014-05-01 00:00:00+00:00,Elvanse 50mg capsules,0404000U0BCACAD,243,15960.577880000006
2014-05-01 00:00:00+00:00,Lisdexamfetamine 70mg capsules,0404000U0AAAFAF,101,8216.624119999999
2014-05-01 00:00:00+00:00,Lisdexamfetamine 30mg capsules,0404000U0AAABAB,191,12131.218049999996
2014-05-01 00:00:00+00:00,Elvanse 30mg capsules,0404000U0BCAAAB,309,17409.08133
2014-05-01 00:00:00+00:00,Lisdexamfetamine 50mg capsules,0404000U0AAADAD,191,12291.203020000006
2014-05-01 00:00:00+00:00,Elvanse 70mg capsules,0404000U0BCABAF,113,8841.881539999998
2014-06-01 00:00:00+00:00,Elvanse 70mg capsules,0404000U0BCABAF,119,9529.793750000003
2014-06-01 00:00:00+00:00,Elvanse 30mg capsules,0404000U0BCAAAB,312,17295.161210000006
2014-06-01 00:00:00+00:00,Lisdexamfetamine 70mg capsules,0404000U0AAAFAF,104,8726.7085
2014-06-01 00:00:00+00:00,Lisdexamfetamine 30mg capsules,0404000U0AAABAB,213,12711.597710000002
2014-06-01 00:00:00+00:00,Lisdexamfetamine 50mg capsules,0404000U0AAADAD,209,13580.406280000003
2014-06-01 00:00:00+00:00,Elvanse 50mg capsules,0404000U0BCACAD,260,17401.511260000007
2014-07-01 00:00:00+00:00,Elvanse 50mg capsules,0404000U0BCACAD,299,19638.37803999999
2014-07-01 00:00:00+00:00,Elvanse 70mg capsules,0404000U0BCABAF,157,12455.595909999998
2014-07-01 00:00:00+00:00,Lisdexamfetamine 50mg capsules,0404000U0AAADAD,216,13881.784449999994
2014-07-01 00:00:00+00:00,Elvanse 30mg capsules,0404000U0BCAAAB,344,19503.044590000005
2014-07-01 00:00:00+00:00,Lisdexamfetamine 30mg capsules,0404000U0AAABAB,225,14184.57465
2014-07-01 00:00:00+00:00,Lisdexamfetamine 70mg capsules,0404000U0AAAFAF,119,10321.79386
2014-08-01 00:00:00+00:00,Elvanse 70mg capsules,0404000U0BCABAF,143,11408.410549999999
2014-08-01 00:00:00+00:00,Lisdexamfetamine 70mg capsules,0404000U0AAAFAF,119,9667.670789999998
2014-08-01 00:00:00+00:00,Elvanse 50mg capsules,0404000U0BCACAD,294,19648.63864999998
2014-08-01 00:00:00+00:00,Lisdexamfetamine 50mg capsules,0404000U0AAADAD,215,13523.351479999988
2014-08-01 00:00:00+00:00,Elvanse 30mg capsules,0404000U0BCAAAB,338,19154.72263999999
2014-08-01 00:00:00+00:00,Lisdexamfetamine 30mg capsules,0404000U0AAABAB,212,12600.002149999997
2014-09-01 00:00:00+00:00,Elvanse 70mg capsules,0404000U0BCABAF,168,13781.504149999997
2014-09-01 00:00:00+00:00,Lisdexamfetamine 50mg capsules,0404000U0AAADAD,269,17276.561439999994
2014-09-01 00:00:00+00:00,Lisdexamfetamine 30mg capsules,0404000U0AAABAB,260,15536.688000000006
2014-09-01 00:00:00+00:00,Elvanse 30mg capsules,0404000U0BCAAAB,397,23166.293050000015
2014-09-01 00:00:00+00:00,Elvanse 50mg capsules,0404000U0BCACAD,355,24214.24569
2014-09-01 00:00:00+00:00,Lisdexamfetamine 70mg capsules,0404000U0AAAFAF,155,12369.264019999999
2014-10-01 00:00:00+00:00,Elvanse 70mg capsules,0404000U0BCABAF,192,15165.202370000008
2014-10-01 00:00:00+00:00,Elvanse 50mg capsules,0404000U0BCACAD,370,24456.824710000008
2014-10-01 00:00:00+00:00,Lisdexamfetamine 50mg capsules,0404000U0AAADAD,302,19081.87191000001
2014-10-01 00:00:00+00:00,Lisdexamfetamine 30mg capsules,0404000U0AAABAB,275,16026.19515
2014-10-01 00:00:00+00:00,Elvanse 30mg capsules,0404000U0BCAAAB,458,25867.87405
2014-10-01 00:00:00+00:00,Lisdexamfetamine 70mg capsules,0404000U0AAAFAF,163,12507.002370000006
2014-11-01 00:00:00+00:00,Elvanse 30mg capsules,0404000U0BCAAAB,453,26572.902800000018
2014-11-01 00:00:00+00:00,Elvanse 70mg capsules,0404000U0BCABAF,197,15233.118080000007
2014-11-01 00:00:00+00:00,Lisdexamfetamine 50mg capsules,0404000U0AAADAD,297,19321.841449999993
2014-11-01 00:00:00+00:00,Lisdexamfetamine 70mg capsules,0404000U0AAAFAF,180,13864.09625000001
2014-11-01 00:00:00+00:00,Elvanse 50mg capsules,0404000U0BCACAD,402,26594.236590000022
2014-11-01 00:00:00+00:00,Lisdexamfetamine 30mg capsules,0404000U0AAABAB,308,18206.586610000013
2014-12-01 00:00:00+00:00,Elvanse 30mg capsules,0404000U0BCAAAB,512,29838.663889999985
2014-12-01 00:00:00+00:00,Lisdexamfetamine 70mg capsules,0404000U0AAAFAF,187,15313.062879999998
2014-12-01 00:00:00+00:00,Lisdexamfetamine 50mg capsules,0404000U0AAADAD,351,22900.954860000027
2014-12-01 00:00:00+00:00,Lisdexamfetamine 30mg capsules,0404000U0AAABAB,342,20086.75379000001
2014-12-01 00:00:00+00:00,Elvanse 70mg capsules,0404000U0BCABAF,220,17676.523449999993
2014-12-01 00:00:00+00:00,Elvanse 50mg capsules,0404000U0BCACAD,462,31223.32943000004
2015-01-01 00:00:00+00:00,Elvanse 70mg capsules,0404000U0BCABAF,234,18125.756090000006
2015-01-01 00:00:00+00:00,Elvanse 30mg capsules,0404000U0BCAAAB,524,30715.41744000003
2015-01-01 00:00:00+00:00,Lisdexamfetamine 70mg capsules,0404000U0AAAFAF,201,16010.353160000004
2015-01-01 00:00:00+00:00,Lisdexamfetamine 30mg capsules,0404000U0AAABAB,336,19868.730850000018
2015-01-01 00:00:00+00:00,Elvanse 50mg capsules,0404000U0BCACAD,472,31808.20990999998
2015-01-01 00:00:00+00:00,Lisdexamfetamine 50mg capsules,0404000U0AAADAD,351,22869.855779999983
2015-02-01 00:00:00+00:00,Elvanse 50mg capsules,0404000U0BCACAD,413,28375.322259999994
2015-02-01 00:00:00+00:00,Elvanse 30mg capsules,0404000U0BCAAAB,487,27987.733319999985
2015-02-01 00:00:00+00:00,Lisdexamfetamine 50mg capsules,0404000U0AAADAD,347,22430.963529999994
2015-02-01 00:00:00+00:00,Lisdexamfetamine 30mg capsules,0404000U0AAABAB,335,20184.05548
2015-02-01 00:00:00+00:00,Elvanse 70mg capsules,0404000U0BCABAF,219,17299.579379999996
2015-02-01 00:00:00+00:00,Lisdexamfetamine 70mg capsules,0404000U0AAAFAF,202,15768.481070000002
2015-03-01 00:00:00+00:00,Elvanse 30mg capsules,0404000U0BCAAAB,606,37473.29836000003
2015-03-01 00:00:00+00:00,Lisdexamfetamine 30mg capsules,0404000U0AAABAB,396,23406.392360000013
2015-03-01 00:00:00+00:00,Lisdexamfetamine 70mg capsules,0404000U0AAAFAF,239,18993.567179999984
2015-03-01 00:00:00+00:00,Elvanse 70mg capsules,0404000U0BCABAF,254,20193.266309999985
2015-03-01 00:00:00+00:00,Lisdexamfetamine 50mg capsules,0404000U0AAADAD,398,25542.83329999999
2015-03-01 00:00:00+00:00,Elvanse 50mg capsules,0404000U0BCACAD,511,34949.7432
2015-04-01 00:00:00+00:00,Lisdexamfetamine 70mg capsules,0404000U0AAAFAF,253,19627.37825999999
2015-04-01 00:00:00+00:00,Elvanse 30mg capsules,0404000U0BCAAAB,602,36320.995040000016
2015-04-01 00:00:00+00:00,Lisdexamfetamine 30mg capsules,0404000U0AAABAB,374,22502.780100000007
2015-04-01 00:00:00+00:00,Elvanse 50mg capsules,0404000U0BCACAD,508,33525.59799999999
2015-04-01 00:00:00+00:00,Elvanse 70mg capsules,0404000U0BCABAF,255,20124.624749999995
2015-04-01 00:00:00+00:00,Lisdexamfetamine 50mg capsules,0404000U0AAADAD,409,26318.186010000005
2015-05-01 00:00:00+00:00,Elvanse 30mg capsules,0404000U0BCAAAB,638,37106.64622000005
2015-05-01 00:00:00+00:00,Elvanse 50mg capsules,0404000U0BCACAD,534,36188.79982999999
2015-05-01 00:00:00+00:00,Elvanse 70mg capsules,0404000U0BCABAF,259,20514.843110000005
2015-05-01 00:00:00+00:00,Lisdexamfetamine 30mg capsules,0404000U0AAABAB,393,24145.89768999999
2015-05-01 00:00:00+00:00,Lisdexamfetamine 50mg capsules,0404000U0AAADAD,430,28158.30039999999
2015-05-01 00:00:00+00:00,Lisdexamfetamine 70mg capsules,0404000U0AAAFAF,261,20073.38989
2015-06-01 00:00:00+00:00,Elvanse 50mg capsules,0404000U0BCACAD,619,41039.14398999997
2015-06-01 00:00:00+00:00,Lisdexamfetamine 50mg capsules,0404000U0AAADAD,476,31463.76351999998
2015-06-01 00:00:00+00:00,Lisdexamfetamine 70mg capsules,0404000U0AAAFAF,286,22711.375380000005
2015-06-01 00:00:00+00:00,Elvanse 70mg capsules,0404000U0BCABAF,305,24633.52114
2015-06-01 00:00:00+00:00,Lisdexamfetamine 30mg capsules,0404000U0AAABAB,407,24458.480250000004
2015-06-01 00:00:00+00:00,Elvanse 30mg capsules,0404000U0BCAAAB,724,43285.563780000004
2015-07-01 00:00:00+00:00,Lisdexamfetamine 30mg capsules,0404000U0AAABAB,470,28575.447960000005
2015-07-01 00:00:00+00:00,Lisdexamfetamine 50mg capsules,0404000U0AAADAD,477,31516.173429999944
2015-07-01 00:00:00+00:00,Elvanse 70mg capsules,0404000U0BCABAF,337,26192.339710000022
2015-07-01 00:00:00+00:00,Elvanse Adult 30mg capsules,0404000U0BDAAAB,1,107.68712
2015-07-01 00:00:00+00:00,Elvanse Adult 50mg capsules,0404000U0BDABAD,1,63.4266
2015-07-01 00:00:00+00:00,Elvanse 30mg capsules,0404000U0BCAAAB,714,42642.69903000002
2015-07-01 00:00:00+00:00,Elvanse 50mg capsules,0404000U0BCACAD,631,42217.374189999944
2015-07-01 00:00:00+00:00,Elvanse Adult 70mg capsules,0404000U0BDACAF,2,153.77188
2015-07-01 00:00:00+00:00,Lisdexamfetamine 70mg capsules,0404000U0AAAFAF,324,25427.513460000027
2015-08-01 00:00:00+00:00,Elvanse 50mg capsules,0404000U0BCACAD,554,37462.541270000045
2015-08-01 00:00:00+00:00,Lisdexamfetamine 70mg capsules,0404000U0AAAFAF,280,22284.156569999963
2015-08-01 00:00:00+00:00,Lisdexamfetamine 50mg capsules,0404000U0AAADAD,453,28957.78844000004
2015-08-01 00:00:00+00:00,Lisdexamfetamine 30mg capsules,0404000U0AAABAB,365,22252.748549999986
2015-08-01 00:00:00+00:00,Elvanse Adult 50mg capsules,0404000U0BDABAD,2,95.31533
2015-08-01 00:00:00+00:00,Elvanse 70mg capsules,0404000U0BCABAF,280,22613.32285999997
2015-08-01 00:00:00+00:00,Elvanse Adult 30mg capsules,0404000U0BDAAAB,2,111.74075
2015-08-01 00:00:00+00:00,Elvanse 30mg capsules,0404000U0BCAAAB,603,35391.39848999994
2015-09-01 00:00:00+00:00,Lisdexamfetamine 50mg capsules,0404000U0AAADAD,509,32890.335309999966
2015-09-01 00:00:00+00:00,Lisdexamfetamine 30mg capsules,0404000U0AAABAB,482,29277.827320000022
2015-09-01 00:00:00+00:00,Elvanse 70mg capsules,0404000U0BCABAF,336,26283.838739999996
2015-09-01 00:00:00+00:00,Elvanse 50mg capsules,0404000U0BCACAD,634,42948.72687999996
2015-09-01 00:00:00+00:00,Lisdexamfetamine 70mg capsules,0404000U0AAAFAF,332,27079.079599999997
2015-09-01 00:00:00+00:00,Elvanse Adult 50mg capsules,0404000U0BDABAD,3,158.69528
2015-09-01 00:00:00+00:00,Elvanse 30mg capsules,0404000U0BCAAAB,751,45829.65815000003
2015-09-01 00:00:00+00:00,Elvanse Adult 30mg capsules,0404000U0BDAAAB,7,286.81928000000005
2015-10-01 00:00:00+00:00,Elvanse 50mg capsules,0404000U0BCACAD,737,49373.8398800001
2015-10-01 00:00:00+00:00,Lisdexamfetamine 70mg capsules,0404000U0AAAFAF,358,27321.189330000016
2015-10-01 00:00:00+00:00,Elvanse 70mg capsules,0404000U0BCABAF,358,27825.423260000018
2015-10-01 00:00:00+00:00,Lisdexamfetamine 50mg capsules,0404000U0AAADAD,561,35437.417230000065
2015-10-01 00:00:00+00:00,Elvanse Adult 30mg capsules,0404000U0BDAAAB,11,584.36631
2015-10-01 00:00:00+00:00,Elvanse 30mg capsules,0404000U0BCAAAB,727,43250.34070999995
2015-10-01 00:00:00+00:00,Elvanse Adult 70mg capsules,0404000U0BDACAF,2,153.64298
2015-10-01 00:00:00+00:00,Lisdexamfetamine 30mg capsules,0404000U0AAABAB,529,31945.957799999982
2015-10-01 00:00:00+00:00,Elvanse Adult 50mg capsules,0404000U0BDABAD,3,142.69954
2015-11-01 00:00:00+00:00,Lisdexamfetamine 70mg capsules,0404000U0AAAFAF,354,27934.711249999982
2015-11-01 00:00:00+00:00,Elvanse Adult 50mg capsules,0404000U0BDABAD,7,570.93988
2015-11-01 00:00:00+00:00,Elvanse 30mg capsules,0404000U0BCAAAB,793,47661.187399999944
2015-11-01 00:00:00+00:00,Elvanse 70mg capsules,0404000U0BCABAF,359,28238.902929999982
2015-11-01 00:00:00+00:00,Elvanse Adult 70mg capsules,0404000U0BDACAF,5,461.40448
2015-11-01 00:00:00+00:00,Lisdexamfetamine 50mg capsules,0404000U0AAADAD,550,35686.10851000004
2015-11-01 00:00:00+00:00,Elvanse 50mg capsules,0404000U0BCACAD,745,50919.69755000005
2015-11-01 00:00:00+00:00,Elvanse Adult 30mg capsules,0404000U0BDAAAB,6,331.06221999999997
2015-11-01 00:00:00+00:00,Lisdexamfetamine 30mg capsules,0404000U0AAABAB,530,32648.64780999994
2015-12-01 00:00:00+00:00,Elvanse 30mg capsules,0404000U0BCAAAB,851,50776.16630999997
2015-12-01 00:00:00+00:00,Lisdexamfetamine 30mg capsules,0404000U0AAABAB,618,37480.868849999984
2015-12-01 00:00:00+00:00,Elvanse Adult 30mg capsules,0404000U0BDAAAB,19,1049.79413
2015-12-01 00:00:00+00:00,Lisdexamfetamine 70mg capsules,0404000U0AAAFAF,383,29785.222289999998
2015-12-01 00:00:00+00:00,Lisdexamfetamine 50mg capsules,0404000U0AAADAD,636,41955.07101999998
2015-12-01 00:00:00+00:00,Elvanse 70mg capsules,0404000U0BCABAF,387,30671.218369999995
2015-12-01 00:00:00+00:00,Elvanse Adult 70mg capsules,0404000U0BDACAF,5,614.48914
2015-12-01 00:00:00+00:00,Elvanse 50mg capsules,0404000U0BCACAD,833,55845.06622999998
2015-12-01 00:00:00+00:00,Elvanse Adult 50mg capsules,0404000U0BDABAD,6,380.21243000000004
2016-01-01 00:00:00+00:00,Lisdexamfetamine 30mg capsules,0404000U0AAABAB,602,36333.72901000002
2016-01-01 00:00:00+00:00,Elvanse 30mg capsules,0404000U0BCAAAB,821,50361.13259000003
2016-01-01 00:00:00+00:00,Elvanse 50mg capsules,0404000U0BCACAD,757,51212.68718999984
2016-01-01 00:00:00+00:00,Elvanse Adult 50mg capsules,0404000U0BDABAD,10,761.91664
2016-01-01 00:00:00+00:00,Elvanse Adult 70mg capsules,0404000U0BDACAF,3,230.90699999999998
2016-01-01 00:00:00+00:00,Elvanse Adult 30mg capsules,0404000U0BDAAAB,10,485.58377
2016-01-01 00:00:00+00:00,Lisdexamfetamine 50mg capsules,0404000U0AAADAD,625,41045.070409999884
2016-01-01 00:00:00+00:00,Lisdexamfetamine 70mg capsules,0404000U0AAAFAF,370,29046.837160000017
2016-01-01 00:00:00+00:00,Elvanse 70mg capsules,0404000U0BCABAF,401,31909.284590000014
2016-02-01 00:00:00+00:00,Elvanse 50mg capsules,0404000U0BCACAD,843,57314.663669999994
2016-02-01 00:00:00+00:00,Elvanse Adult 70mg capsules,0404000U0BDACAF,14,1452.9344299999998
2016-02-01 00:00:00+00:00,Elvanse Adult 30mg capsules,0404000U0BDAAAB,14,691.6581
2016-02-01 00:00:00+00:00,Elvanse 70mg capsules,0404000U0BCABAF,422,33641.05348000001
2016-02-01 00:00:00+00:00,Elvanse 30mg capsules,0404000U0BCAAAB,863,50951.48801999997
2016-02-01 00:00:00+00:00,Lisdexamfetamine 70mg capsules,0404000U0AAAFAF,375,29648.949549999998
2016-02-01 00:00:00+00:00,Lisdexamfetamine 30mg capsules,0404000U0AAABAB,571,35982.48123999999
2016-02-01 00:00:00+00:00,Elvanse Adult 50mg capsules,0404000U0BDABAD,13,889.1337700000001
2016-02-01 00:00:00+00:00,Lisdexamfetamine 50mg capsules,0404000U0AAADAD,639,42318.14630999998
2016-03-01 00:00:00+00:00,Elvanse 20mg capsules,0404000U0BCADAA,1,50.55576
2016-03-01 00:00:00+00:00,Lisdexamfetamine 50mg capsules,0404000U0AAADAD,705,45923.42511000014
2016-03-01 00:00:00+00:00,Elvanse 30mg capsules,0404000U0BCAAAB,980,59186.48111999997
2016-03-01 00:00:00+00:00,Elvanse Adult 70mg capsules,0404000U0BDACAF,14,1231.62546
2016-03-01 00:00:00+00:00,Elvanse 50mg capsules,0404000U0BCACAD,872,59406.21357000016
2016-03-01 00:00:00+00:00,Elvanse Adult 50mg capsules,0404000U0BDABAD,20,1587.44674
2016-03-01 00:00:00+00:00,Elvanse Adult 30mg capsules,0404000U0BDAAAB,15,816.48272
2016-03-01 00:00:00+00:00,Elvanse 70mg capsules,0404000U0BCABAF,440,34472.86789000002
2016-03-01 00:00:00+00:00,Elvanse 60mg capsules,0404000U0BCAFAE,5,347.90619999999996
2016-03-01 00:00:00+00:00,Lisdexamfetamine 30mg capsules,0404000U0AAABAB,618,38197.14484999994
2016-03-01 00:00:00+00:00,Elvanse 40mg capsules,0404000U0BCAEAC,2,182.81935
2016-03-01 00:00:00+00:00,Lisdexamfetamine 70mg capsules,0404000U0AAAFAF,419,32547.76236000004
2016-04-01 00:00:00+00:00,Lisdexamfetamine 50mg capsules,0404000U0AAADAD,701,46229.85338999992
2016-04-01 00:00:00+00:00,Lisdexamfetamine 70mg capsules,0404000U0AAAFAF,444,35089.718610000054
2016-04-01 00:00:00+00:00,Lisdexamfetamine 40mg capsules,0404000U0AAACAC,4,241.11178
2016-04-01 00:00:00+00:00,Elvanse 30mg capsules,0404000U0BCAAAB,991,60115.78383999987
2016-04-01 00:00:00+00:00,Lisdexamfetamine 20mg capsules,0404000U0AAAAAA,1,101.11048
2016-04-01 00:00:00+00:00,Elvanse 70mg capsules,0404000U0BCABAF,472,37266.626530000045
2016-04-01 00:00:00+00:00,Elvanse 40mg capsules,0404000U0BCAEAC,11,629.7660900000001
2016-04-01 00:00:00+00:00,Elvanse 20mg capsules,0404000U0BCADAA,3,202.23336
2016-04-01 00:00:00+00:00,Elvanse Adult 30mg capsules,0404000U0BDAAAB,21,1265.46734
2016-04-01 00:00:00+00:00,Elvanse 50mg capsules,0404000U0BCACAD,905,60936.70078999994
2016-04-01 00:00:00+00:00,Lisdexamfetamine 30mg capsules,0404000U0AAABAB,673,42019.3966399999
2016-04-01 00:00:00+00:00,Elvanse Adult 70mg capsules,0404000U0BDACAF,13,1000.66564
2016-04-01 00:00:00+00:00,Elvanse 60mg capsules,0404000U0BCAFAE,8,700.93546
2016-04-01 00:00:00+00:00,Elvanse Adult 50mg capsules,0404000U0BDABAD,27,1857.43165
2016-05-01 00:00:00+00:00,Elvanse 70mg capsules,0404000U0BCABAF,497,38761.292349999945
2016-05-01 00:00:00+00:00,Elvanse 20mg capsules,0404000U0BCADAA,21,1390.33194
2016-05-01 00:00:00+00:00,Elvanse 40mg capsules,0404000U0BCAEAC,26,1652.60018
2016-05-01 00:00:00+00:00,Lisdexamfetamine 30mg capsules,0404000U0AAABAB,656,41594.39861000003
2016-05-01 00:00:00+00:00,Lisdexamfetamine 40mg capsules,0404000U0AAACAC,5,290.83044
2016-05-01 00:00:00+00:00,Elvanse Adult 50mg capsules,0404000U0BDABAD,16,1211.40453
2016-05-01 00:00:00+00:00,Elvanse 60mg capsules,0404000U0BCAFAE,16,1091.86229
2016-05-01 00:00:00+00:00,Elvanse 50mg capsules,0404000U0BCACAD,942,64033.94813999992
2016-05-01 00:00:00+00:00,Elvanse Adult 30mg capsules,0404000U0BDAAAB,19,1136.37829
2016-05-01 00:00:00+00:00,Lisdexamfetamine 50mg capsules,0404000U0AAADAD,771,48976.255189999974
2016-05-01 00:00:00+00:00,Elvanse 30mg capsules,0404000U0BCAAAB,975,57499.58977000005
2016-05-01 00:00:00+00:00,Lisdexamfetamine 20mg capsules,0404000U0AAAAAA,10,718.93397
2016-05-01 00:00:00+00:00,Lisdexamfetamine 70mg capsules,0404000U0AAAFAF,462,36336.385519999945
2016-05-01 00:00:00+00:00,Elvanse Adult 70mg capsules,0404000U0BDACAF,15,1385.87675
2016-06-01 00:00:00+00:00,Elvanse 50mg capsules,0404000U0BCACAD,913,60749.78115999993
2016-06-01 00:00:00+00:00,Lisdexamfetamine 70mg capsules,0404000U0AAAFAF,461,37316.49107000002
2016-06-01 00:00:00+00:00,Elvanse Adult 70mg capsules,0404000U0BDACAF,13,1155.97902
2016-06-01 00:00:00+00:00,Elvanse Adult 30mg capsules,0404000U0BDAAAB,34,2205.82856
2016-06-01 00:00:00+00:00,Elvanse Adult 50mg capsules,0404000U0BDABAD,21,1335.0938700000002
2016-06-01 00:00:00+00:00,Elvanse 30mg capsules,0404000U0BCAAAB,992,58716.79442000018
2016-06-01 00:00:00+00:00,Lisdexamfetamine 40mg capsules,0404000U0AAACAC,11,611.41883
2016-06-01 00:00:00+00:00,Lisdexamfetamine 60mg capsules,0404000U0AAAEAE,10,661.9978000000001
2016-06-01 00:00:00+00:00,Elvanse 20mg capsules,0404000U0BCADAA,39,2051.47147
2016-06-01 00:00:00+00:00,Lisdexamfetamine 20mg capsules,0404000U0AAAAAA,24,1374.29175
2016-06-01 00:00:00+00:00,Elvanse 60mg capsules,0404000U0BCAFAE,26,2085.66793
2016-06-01 00:00:00+00:00,Lisdexamfetamine 50mg capsules,0404000U0AAADAD,792,52382.22271999995
2016-06-01 00:00:00+00:00,Lisdexamfetamine 30mg capsules,0404000U0AAABAB,725,45174.752500000104
2016-06-01 00:00:00+00:00,Elvanse 70mg capsules,0404000U0BCABAF,491,39331.97133000003
2016-06-01 00:00:00+00:00,Elvanse 40mg capsules,0404000U0BCAEAC,51,3848.0078499999995
2016-07-01 00:00:00+00:00,Elvanse 20mg capsules,0404000U0BCADAA,53,3062.18909
2016-07-01 00:00:00+00:00,Elvanse 50mg capsules,0404000U0BCACAD,921,60982.42434999996
2016-07-01 00:00:00+00:00,Elvanse Adult 70mg capsules,0404000U0BDACAF,20,1706.46249
2016-07-01 00:00:00+00:00,Lisdexamfetamine 20mg capsules,0404000U0AAAAAA,39,2265.95745
2016-07-01 00:00:00+00:00,Elvanse Adult 50mg capsules,0404000U0BDABAD,30,2034.2808800000003
2016-07-01 00:00:00+00:00,Lisdexamfetamine 60mg capsules,0404000U0AAAEAE,16,1097.39478
2016-07-01 00:00:00+00:00,Elvanse 60mg capsules,0404000U0BCAFAE,38,2677.6631500000003
2016-07-01 00:00:00+00:00,Elvanse 40mg capsules,0404000U0BCAEAC,66,4477.53161
2016-07-01 00:00:00+00:00,Elvanse 70mg capsules,0404000U0BCABAF,479,38225.41571000001
2016-07-01 00:00:00+00:00,Lisdexamfetamine 50mg capsules,0404000U0AAADAD,753,48609.20968999997
2016-07-01 00:00:00+00:00,Elvanse Adult 30mg capsules,0404000U0BDAAAB,31,1746.90156
2016-07-01 00:00:00+00:00,Elvanse 30mg capsules,0404000U0BCAAAB,987,59269.15694999999
2016-07-01 00:00:00+00:00,Lisdexamfetamine 40mg capsules,0404000U0AAACAC,32,2037.5237499999996
2016-07-01 00:00:00+00:00,Lisdexamfetamine 70mg capsules,0404000U0AAAFAF,498,39786.18591000002
2016-07-01 00:00:00+00:00,Lisdexamfetamine 30mg capsules,0404000U0AAABAB,670,42091.39036999998
2016-08-01 00:00:00+00:00,Elvanse 50mg capsules,0404000U0BCACAD,862,58126.156999999876
2016-08-01 00:00:00+00:00,Elvanse 30mg capsules,0404000U0BCAAAB,872,50951.31037000002
2016-08-01 00:00:00+00:00,Elvanse 70mg capsules,0404000U0BCABAF,457,36568.02109000002
2016-08-01 00:00:00+00:00,Lisdexamfetamine 50mg capsules,0404000U0AAADAD,708,47101.46097999992
2016-08-01 00:00:00+00:00,Lisdexamfetamine 30mg capsules,0404000U0AAABAB,643,39740.61087000003
2016-08-01 00:00:00+00:00,Lisdexamfetamine 60mg capsules,0404000U0AAAEAE,18,1253.8890000000001
2016-08-01 00:00:00+00:00,Elvanse Adult 50mg capsules,0404000U0BDABAD,27,1843.3382299999998
2016-08-01 00:00:00+00:00,Elvanse 60mg capsules,0404000U0BCAFAE,54,4097.85017
2016-08-01 00:00:00+00:00,Lisdexamfetamine 70mg capsules,0404000U0AAAFAF,471,37895.199120000005
2016-08-01 00:00:00+00:00,Elvanse 40mg capsules,0404000U0BCAEAC,87,5538.81617
2016-08-01 00:00:00+00:00,Elvanse Adult 30mg capsules,0404000U0BDAAAB,19,1149.08498
2016-08-01 00:00:00+00:00,Elvanse 20mg capsules,0404000U0BCADAA,78,4645.487139999999
2016-08-01 00:00:00+00:00,Lisdexamfetamine 40mg capsules,0404000U0AAACAC,43,2692.4631
2016-08-01 00:00:00+00:00,Lisdexamfetamine 20mg capsules,0404000U0AAAAAA,44,2487.6057499999997
2016-08-01 00:00:00+00:00,Elvanse Adult 70mg capsules,0404000U0BDACAF,15,1232.84059
2016-09-01 00:00:00+00:00,Elvanse 60mg capsules,0404000U0BCAFAE,75,5307.39788
2016-09-01 00:00:00+00:00,Lisdexamfetamine 60mg capsules,0404000U0AAAEAE,31,2228.30472
2016-09-01 00:00:00+00:00,Elvanse Adult 70mg capsules,0404000U0BDACAF,20,1777.1389299999998
2016-09-01 00:00:00+00:00,Lisdexamfetamine 50mg capsules,0404000U0AAADAD,785,51779.17071000009
2016-09-01 00:00:00+00:00,Elvanse Adult 50mg capsules,0404000U0BDABAD,33,2165.0302599999995
2016-09-01 00:00:00+00:00,Elvanse Adult 30mg capsules,0404000U0BDAAAB,40,2349.0717799999998
2016-09-01 00:00:00+00:00,Lisdexamfetamine 70mg capsules,0404000U0AAAFAF,519,40615.808120000045
2016-09-01 00:00:00+00:00,Lisdexamfetamine 20mg capsules,0404000U0AAAAAA,71,3979.6785699999996
2016-09-01 00:00:00+00:00,Lisdexamfetamine 30mg capsules,0404000U0AAABAB,726,44284.245399999934
2016-09-01 00:00:00+00:00,Elvanse 30mg capsules,0404000U0BCAAAB,1066,62831.33304999986
2016-09-01 00:00:00+00:00,Elvanse 50mg capsules,0404000U0BCACAD,1017,68315.44730000015
2016-09-01 00:00:00+00:00,Elvanse 20mg capsules,0404000U0BCADAA,92,5022.485239999998
2016-09-01 00:00:00+00:00,Elvanse 70mg capsules,0404000U0BCABAF,537,44116.782760000046
2016-09-01 00:00:00+00:00,Elvanse 40mg capsules,0404000U0BCAEAC,113,7656.842260000001
2016-09-01 00:00:00+00:00,Lisdexamfetamine 40mg capsules,0404000U0AAACAC,60,3418.974999999999
2016-10-01 00:00:00+00:00,Elvanse 40mg capsules,0404000U0BCAEAC,136,8546.76619
2016-10-01 00:00:00+00:00,Elvanse Adult 50mg capsules,0404000U0BDABAD,33,2290.89034
2016-10-01 00:00:00+00:00,Elvanse 60mg capsules,0404000U0BCAFAE,77,6025.920139999999
2016-10-01 00:00:00+00:00,Elvanse 20mg capsules,0404000U0BCADAA,124,6602.661280000001
2016-10-01 00:00:00+00:00,Elvanse 50mg capsules,0404000U0BCACAD,934,60991.64971999988
2016-10-01 00:00:00+00:00,Elvanse 30mg capsules,0404000U0BCAAAB,1012,58173.19086999999
2016-10-01 00:00:00+00:00,Lisdexamfetamine 50mg capsules,0404000U0AAADAD,746,49203.75565999994
2016-10-01 00:00:00+00:00,Elvanse 70mg capsules,0404000U0BCABAF,493,39146.614639999985
2016-10-01 00:00:00+00:00,Elvanse Adult 70mg capsules,0404000U0BDACAF,23,1872.5605299999997
2016-10-01 00:00:00+00:00,Lisdexamfetamine 60mg capsules,0404000U0AAAEAE,38,2679.86066
2016-10-01 00:00:00+00:00,Lisdexamfetamine 40mg capsules,0404000U0AAACAC,79,4750.55954
2016-10-01 00:00:00+00:00,Lisdexamfetamine 20mg capsules,0404000U0AAAAAA,74,4194.131179999999
2016-10-01 00:00:00+00:00,Lisdexamfetamine 30mg capsules,0404000U0AAABAB,682,41581.22106999993
2016-10-01 00:00:00+00:00,Lisdexamfetamine 70mg capsules,0404000U0AAAFAF,527,42369.16399999999
2016-10-01 00:00:00+00:00,Elvanse Adult 30mg capsules,0404000U0BDAAAB,30,1800.7636
2016-11-01 00:00:00+00:00,Elvanse Adult 50mg capsules,0404000U0BDABAD,29,1890.85225
2016-11-01 00:00:00+00:00,Lisdexamfetamine 20mg capsules,0404000U0AAAAAA,85,5214.596919999998
2016-11-01 00:00:00+00:00,Elvanse 30mg capsules,0404000U0BCAAAB,1080,63565.14072000006
2016-11-01 00:00:00+00:00,Lisdexamfetamine 30mg capsules,0404000U0AAABAB,752,46307.85941
2016-11-01 00:00:00+00:00,Elvanse 40mg capsules,0404000U0BCAEAC,176,10721.918469999999
2016-11-01 00:00:00+00:00,Elvanse 70mg capsules,0404000U0BCABAF,580,46816.7511799999
2016-11-01 00:00:00+00:00,Elvanse 50mg capsules,0404000U0BCACAD,999,65759.74719000007
2016-11-01 00:00:00+00:00,Elvanse 20mg capsules,0404000U0BCADAA,131,7332.2605399999975
2016-11-01 00:00:00+00:00,Elvanse Adult 70mg capsules,0404000U0BDACAF,25,2105.3454
2016-11-01 00:00:00+00:00,Lisdexamfetamine 70mg capsules,0404000U0AAAFAF,523,42028.927979999906
2016-11-01 00:00:00+00:00,Elvanse Adult 30mg capsules,0404000U0BDAAAB,40,2328.08451
2016-11-01 00:00:00+00:00,Elvanse 60mg capsules,0404000U0BCAFAE,93,6669.4998300000025
2016-11-01 00:00:00+00:00,Lisdexamfetamine 60mg capsules,0404000U0AAAEAE,58,4161.84952
2016-11-01 00:00:00+00:00,Lisdexamfetamine 50mg capsules,0404000U0AAADAD,759,50648.72995000003
2016-11-01 00:00:00+00:00,Lisdexamfetamine 40mg capsules,0404000U0AAACAC,99,6125.68352
2016-12-01 00:00:00+00:00,Elvanse 30mg capsules,0404000U0BCAAAB,1092,64530.139709999974
2016-12-01 00:00:00+00:00,Elvanse 60mg capsules,0404000U0BCAFAE,104,7473.207939999999
2016-12-01 00:00:00+00:00,Elvanse Adult 70mg capsules,0404000U0BDACAF,26,1969.1602300000002
2016-12-01 00:00:00+00:00,Lisdexamfetamine 60mg capsules,0404000U0AAAEAE,77,5315.727650000002
2016-12-01 00:00:00+00:00,Elvanse 70mg capsules,0404000U0BCABAF,576,45732.49280000003
2016-12-01 00:00:00+00:00,Lisdexamfetamine 50mg capsules,0404000U0AAADAD,795,53571.7030600001
2016-12-01 00:00:00+00:00,Lisdexamfetamine 40mg capsules,0404000U0AAACAC,124,7681.990640000003
2016-12-01 00:00:00+00:00,Lisdexamfetamine 20mg capsules,0404000U0AAAAAA,99,5668.303130000001
2016-12-01 00:00:00+00:00,Elvanse Adult 30mg capsules,0404000U0BDAAAB,32,1999.13894
2016-12-01 00:00:00+00:00,Elvanse Adult 50mg capsules,0404000U0BDABAD,37,2604.1108200000003
2016-12-01 00:00:00+00:00,Elvanse 40mg capsules,0404000U0BCAEAC,216,13523.002780000003
2016-12-01 00:00:00+00:00,Lisdexamfetamine 70mg capsules,0404000U0AAAFAF,588,45589.81752000004
2016-12-01 00:00:00+00:00,Elvanse 20mg capsules,0404000U0BCADAA,160,8483.541270000002
2016-12-01 00:00:00+00:00,Elvanse 50mg capsules,0404000U0BCACAD,1045,69243.76324000013
2016-12-01 00:00:00+00:00,Lisdexamfetamine 30mg capsules,0404000U0AAABAB,717,43656.47059000002
2017-01-01 00:00:00+00:00,Lisdexamfetamine 60mg capsules,0404000U0AAAEAE,71,4816.42146
2017-01-01 00:00:00+00:00,Elvanse 60mg capsules,0404000U0BCAFAE,117,8895.16015
2017-01-01 00:00:00+00:00,Lisdexamfetamine 40mg capsules,0404000U0AAACAC,130,7657.580960000001
2017-01-01 00:00:00+00:00,Elvanse 40mg capsules,0404000U0BCAEAC,228,14149.250570000011
2017-01-01 00:00:00+00:00,Elvanse Adult 50mg capsules,0404000U0BDABAD,44,2988.4013999999997
2017-01-01 00:00:00+00:00,Lisdexamfetamine 50mg capsules,0404000U0AAADAD,773,50966.988870000096
2017-01-01 00:00:00+00:00,Lisdexamfetamine 20mg capsules,0404000U0AAAAAA,111,6013.515210000002
2017-01-01 00:00:00+00:00,Elvanse 70mg capsules,0404000U0BCABAF,574,45483.04566
2017-01-01 00:00:00+00:00,Elvanse 20mg capsules,0404000U0BCADAA,170,9709.478340000005
2017-01-01 00:00:00+00:00,Elvanse 50mg capsules,0404000U0BCACAD,952,62128.34217000016
2017-01-01 00:00:00+00:00,Elvanse 30mg capsules,0404000U0BCAAAB,1090,64367.0471200001
2017-01-01 00:00:00+00:00,Lisdexamfetamine 70mg capsules,0404000U0AAAFAF,560,43375.44577000002
2017-01-01 00:00:00+00:00,Elvanse Adult 70mg capsules,0404000U0BDACAF,33,2741.97722
2017-01-01 00:00:00+00:00,Lisdexamfetamine 30mg capsules,0404000U0AAABAB,729,44176.575650000035
2017-01-01 00:00:00+00:00,Elvanse Adult 30mg capsules,0404000U0BDAAAB,35,2128.8139499999997
2017-02-01 00:00:00+00:00,Elvanse 20mg capsules,0404000U0BCADAA,180,9847.831600000003
2017-02-01 00:00:00+00:00,Elvanse 50mg capsules,0404000U0BCACAD,949,62460.34273999986
2017-02-01 00:00:00+00:00,Elvanse Adult 30mg capsules,0404000U0BDAAAB,34,1929.2838100000001
2017-02-01 00:00:00+00:00,Elvanse 40mg capsules,0404000U0BCAEAC,246,16025.750999999991
2017-02-01 00:00:00+00:00,Elvanse Adult 50mg capsules,0404000U0BDABAD,29,1917.59832
2017-02-01 00:00:00+00:00,Elvanse Adult 70mg capsules,0404000U0BDACAF,28,2261.2582500000003
2017-02-01 00:00:00+00:00,Lisdexamfetamine 20mg capsules,0404000U0AAAAAA,115,6211.505130000003
2017-02-01 00:00:00+00:00,Lisdexamfetamine 50mg capsules,0404000U0AAADAD,737,48185.0325899999
2017-02-01 00:00:00+00:00,Lisdexamfetamine 30mg capsules,0404000U0AAABAB,693,41938.85587999997
2017-02-01 00:00:00+00:00,Elvanse 60mg capsules,0404000U0BCAFAE,127,9669.225359999997
2017-02-01 00:00:00+00:00,Lisdexamfetamine 40mg capsules,0404000U0AAACAC,139,8823.665
2017-02-01 00:00:00+00:00,Lisdexamfetamine 70mg capsules,0404000U0AAAFAF,520,40428.52167999999
2017-02-01 00:00:00+00:00,Elvanse 30mg capsules,0404000U0BCAAAB,989,58324.5722400001
2017-02-01 00:00:00+00:00,Lisdexamfetamine 60mg capsules,0404000U0AAAEAE,86,6125.747989999999
2017-02-01 00:00:00+00:00,Elvanse 70mg capsules,0404000U0BCABAF,549,43816.44844000001
2017-03-01 00:00:00+00:00,Elvanse 40mg capsules,0404000U0BCAEAC,284,17378.89185000001
2017-03-01 00:00:00+00:00,Lisdexamfetamine 70mg capsules,0404000U0AAAFAF,622,47763.615400000046
2017-03-01 00:00:00+00:00,Lisdexamfetamine 20mg capsules,0404000U0AAAAAA,125,7073.737520000003
2017-03-01 00:00:00+00:00,Lisdexamfetamine 40mg capsules,0404000U0AAACAC,192,11496.605860000003
2017-03-01 00:00:00+00:00,Elvanse 20mg capsules,0404000U0BCADAA,239,12824.248950000005
2017-03-01 00:00:00+00:00,Elvanse 50mg capsules,0404000U0BCACAD,1079,71514.69553000022
2017-03-01 00:00:00+00:00,Lisdexamfetamine 60mg capsules,0404000U0AAAEAE,112,7985.281590000002
2017-03-01 00:00:00+00:00,Elvanse 30mg capsules,0404000U0BCAAAB,1220,71163.27946999998
2017-03-01 00:00:00+00:00,Elvanse 60mg capsules,0404000U0BCAFAE,158,11585.600629999999
2017-03-01 00:00:00+00:00,Lisdexamfetamine 30mg capsules,0404000U0AAABAB,776,46192.143449999945
2017-03-01 00:00:00+00:00,Lisdexamfetamine 50mg capsules,0404000U0AAADAD,910,59722.84033000018
2017-03-01 00:00:00+00:00,Elvanse Adult 70mg capsules,0404000U0BDACAF,47,3817.3894200000004
2017-03-01 00:00:00+00:00,Elvanse 70mg capsules,0404000U0BCABAF,650,51826.10299000005
2017-03-01 00:00:00+00:00,Elvanse Adult 30mg capsules,0404000U0BDAAAB,57,2821.74581
2017-03-01 00:00:00+00:00,Elvanse Adult 50mg capsules,0404000U0BDABAD,53,3541.1849
2017-04-01 00:00:00+00:00,Elvanse Adult 70mg capsules,0404000U0BDACAF,38,2913.5554700000002
2017-04-01 00:00:00+00:00,Elvanse Adult 30mg capsules,0404000U0BDAAAB,45,2330.5626700000003
2017-04-01 00:00:00+00:00,Elvanse Adult 50mg capsules,0404000U0BDABAD,43,2861.90876
2017-04-01 00:00:00+00:00,Lisdexamfetamine 60mg capsules,0404000U0AAAEAE,99,7034.957640000004
2017-04-01 00:00:00+00:00,Lisdexamfetamine 30mg capsules,0404000U0AAABAB,718,42173.265690000095
2017-04-01 00:00:00+00:00,Lisdexamfetamine 50mg capsules,0404000U0AAADAD,768,50249.30393999994
2017-04-01 00:00:00+00:00,Elvanse 50mg capsules,0404000U0BCACAD,968,63066.52936999993
2017-04-01 00:00:00+00:00,Lisdexamfetamine 40mg capsules,0404000U0AAACAC,189,11636.046240000007
2017-04-01 00:00:00+00:00,Lisdexamfetamine 70mg capsules,0404000U0AAAFAF,579,45170.11567000005
2017-04-01 00:00:00+00:00,Elvanse 40mg capsules,0404000U0BCAEAC,280,17470.980430000018
2017-04-01 00:00:00+00:00,Lisdexamfetamine 20mg capsules,0404000U0AAAAAA,134,7032.8247999999985
2017-04-01 00:00:00+00:00,Elvanse 20mg capsules,0404000U0BCADAA,202,11043.229769999994
2017-04-01 00:00:00+00:00,Elvanse 70mg capsules,0404000U0BCABAF,590,47119.09290000005
2017-04-01 00:00:00+00:00,Elvanse 30mg capsules,0404000U0BCAAAB,1005,58551.153470000194
2017-04-01 00:00:00+00:00,Elvanse 60mg capsules,0404000U0BCAFAE,142,10278.701130000009
2017-05-01 00:00:00+00:00,Lisdexamfetamine 30mg capsules,0404000U0AAABAB,754,43880.04711000008
2017-05-01 00:00:00+00:00,Elvanse 60mg capsules,0404000U0BCAFAE,192,14060.981969999995
2017-05-01 00:00:00+00:00,Lisdexamfetamine 40mg capsules,0404000U0AAACAC,246,15041.62325
2017-05-01 00:00:00+00:00,Lisdexamfetamine 70mg capsules,0404000U0AAAFAF,630,48549.353080000044
2017-05-01 00:00:00+00:00,Elvanse 30mg capsules,0404000U0BCAAAB,1154,67091.06302000016
2017-05-01 00:00:00+00:00,Elvanse Adult 30mg capsules,0404000U0BDAAAB,63,3492.52494
2017-05-01 00:00:00+00:00,Elvanse 50mg capsules,0404000U0BCACAD,1038,67951.45791000004
2017-05-01 00:00:00+00:00,Elvanse 20mg capsules,0404000U0BCADAA,261,14264.185900000008
2017-05-01 00:00:00+00:00,Lisdexamfetamine 60mg capsules,0404000U0AAAEAE,114,8021.470869999998
2017-05-01 00:00:00+00:00,Elvanse Adult 50mg capsules,0404000U0BDABAD,53,3538.5414299999993
2017-05-01 00:00:00+00:00,Elvanse 40mg capsules,0404000U0BCAEAC,360,21960.14329
2017-05-01 00:00:00+00:00,Elvanse Adult 70mg capsules,0404000U0BDACAF,35,3009.6943600000004
2017-05-01 00:00:00+00:00,Lisdexamfetamine 20mg capsules,0404000U0AAAAAA,154,9267.914680000004
2017-05-01 00:00:00+00:00,Lisdexamfetamine 50mg capsules,0404000U0AAADAD,850,56086.93257999999
2017-05-01 00:00:00+00:00,Elvanse 70mg capsules,0404000U0BCABAF,640,50917.11116000004
2017-06-01 00:00:00+00:00,Lisdexamfetamine 40mg capsules,0404000U0AAACAC,250,14630.259860000011
2017-06-01 00:00:00+00:00,Elvanse Adult 70mg capsules,0404000U0BDACAF,44,3704.7247899999998
2017-06-01 00:00:00+00:00,Lisdexamfetamine 50mg capsules,0404000U0AAADAD,921,59611.888569999996
2017-06-01 00:00:00+00:00,Elvanse 60mg capsules,0404000U0BCAFAE,203,14784.68851000001
2017-06-01 00:00:00+00:00,Lisdexamfetamine 70mg capsules,0404000U0AAAFAF,632,49803.851010000064
2017-06-01 00:00:00+00:00,Elvanse 30mg capsules,0404000U0BCAAAB,1186,69803.48065999983
2017-06-01 00:00:00+00:00,Elvanse 70mg capsules,0404000U0BCABAF,638,50298.66405000007
2017-06-01 00:00:00+00:00,Lisdexamfetamine 60mg capsules,0404000U0AAAEAE,131,8943.114290000005
2017-06-01 00:00:00+00:00,Elvanse Adult 50mg capsules,0404000U0BDABAD,72,4825.573689999999
2017-06-01 00:00:00+00:00,Elvanse 20mg capsules,0404000U0BCADAA,232,12751.399369999996
2017-06-01 00:00:00+00:00,Elvanse 50mg capsules,0404000U0BCACAD,1058,69343.65595000001
2017-06-01 00:00:00+00:00,Lisdexamfetamine 30mg capsules,0404000U0AAABAB,815,47857.903349999906
2017-06-01 00:00:00+00:00,Lisdexamfetamine 20mg capsules,0404000U0AAAAAA,180,9401.262499999995
2017-06-01 00:00:00+00:00,Elvanse Adult 30mg capsules,0404000U0BDAAAB,55,3083.08486
2017-06-01 00:00:00+00:00,Elvanse 40mg capsules,0404000U0BCAEAC,351,21466.666520000017
2017-07-01 00:00:00+00:00,Lisdexamfetamine 70mg capsules,0404000U0AAAFAF,660,50805.94578000007
2017-07-01 00:00:00+00:00,Lisdexamfetamine 60mg capsules,0404000U0AAAEAE,138,9482.464950000001
2017-07-01 00:00:00+00:00,Elvanse 40mg capsules,0404000U0BCAEAC,381,24081.521040000007
2017-07-01 00:00:00+00:00,Elvanse 50mg capsules,0404000U0BCACAD,1004,65413.05176999993
2017-07-01 00:00:00+00:00,Lisdexamfetamine 20mg capsules,0404000U0AAAAAA,190,11053.529120000003
2017-07-01 00:00:00+00:00,Elvanse 60mg capsules,0404000U0BCAFAE,220,16461.13452000002
2017-07-01 00:00:00+00:00,Elvanse Adult 50mg capsules,0404000U0BDABAD,64,4052.238950000001
2017-07-01 00:00:00+00:00,Elvanse 70mg capsules,0404000U0BCABAF,615,50068.86170000008
2017-07-01 00:00:00+00:00,Lisdexamfetamine 40mg capsules,0404000U0AAACAC,260,15048.892610000003
2017-07-01 00:00:00+00:00,Lisdexamfetamine 30mg capsules,0404000U0AAABAB,753,45185.11474999995
2017-07-01 00:00:00+00:00,Lisdexamfetamine 50mg capsules,0404000U0AAADAD,871,56668.924309999915
2017-07-01 00:00:00+00:00,Elvanse Adult 30mg capsules,0404000U0BDAAAB,48,2676.4650900000006
2017-07-01 00:00:00+00:00,Elvanse Adult 70mg capsules,0404000U0BDACAF,44,3858.8261500000003
2017-07-01 00:00:00+00:00,Elvanse 20mg capsules,0404000U0BCADAA,251,15054.490290000002
2017-07-01 00:00:00+00:00,Elvanse 30mg capsules,0404000U0BCAAAB,1120,65239.324399999976
2017-08-01 00:00:00+00:00,Elvanse Adult 50mg capsules,0404000U0BDABAD,70,4315.769050000001
2017-08-01 00:00:00+00:00,Elvanse Adult 30mg capsules,0404000U0BDAAAB,66,3662.69467
2017-08-01 00:00:00+00:00,Elvanse 40mg capsules,0404000U0BCAEAC,338,20895.423330000016
2017-08-01 00:00:00+00:00,Elvanse 70mg capsules,0404000U0BCABAF,588,46887.825070000035
2017-08-01 00:00:00+00:00,Elvanse Adult 70mg capsules,0404000U0BDACAF,45,3775.01952
2017-08-01 00:00:00+00:00,Elvanse 60mg capsules,0404000U0BCAFAE,200,14385.027160000005
2017-08-01 00:00:00+00:00,Lisdexamfetamine 40mg capsules,0404000U0AAACAC,258,15142.605760000011
2017-08-01 00:00:00+00:00,Elvanse 50mg capsules,0404000U0BCACAD,957,63424.78023000005
2017-08-01 00:00:00+00:00,Lisdexamfetamine 50mg capsules,0404000U0AAADAD,867,56010.05662000003
2017-08-01 00:00:00+00:00,Lisdexamfetamine 70mg capsules,0404000U0AAAFAF,631,48631.712260000044
2017-08-01 00:00:00+00:00,Elvanse 20mg capsules,0404000U0BCADAA,230,12542.97275
2017-08-01 00:00:00+00:00,Lisdexamfetamine 20mg capsules,0404000U0AAAAAA,170,9493.866660000003
2017-08-01 00:00:00+00:00,Lisdexamfetamine 60mg capsules,0404000U0AAAEAE,134,9503.09694
2017-08-01 00:00:00+00:00,Lisdexamfetamine 30mg capsules,0404000U0AAABAB,761,43805.6171
2017-08-01 00:00:00+00:00,Elvanse 30mg capsules,0404000U0BCAAAB,1050,60469.01114
2017-09-01 00:00:00+00:00,Elvanse Adult 50mg capsules,0404000U0BDABAD,68,4339.74468
2017-09-01 00:00:00+00:00,Elvanse 40mg capsules,0404000U0BCAEAC,434,27051.613550000002
2017-09-01 00:00:00+00:00,Elvanse 60mg capsules,0404000U0BCAFAE,219,16209.197229999998
2017-09-01 00:00:00+00:00,Elvanse 30mg capsules,0404000U0BCAAAB,1131,65968.07335000011
2017-09-01 00:00:00+00:00,Lisdexamfetamine 40mg capsules,0404000U0AAACAC,299,17423.705590000005
2017-09-01 00:00:00+00:00,Elvanse 70mg capsules,0404000U0BCABAF,638,51129.18533000014
2017-09-01 00:00:00+00:00,Lisdexamfetamine 70mg capsules,0404000U0AAAFAF,649,50669.11025000014
2017-09-01 00:00:00+00:00,Lisdexamfetamine 50mg capsules,0404000U0AAADAD,857,56427.467270000045
2017-09-01 00:00:00+00:00,Lisdexamfetamine 30mg capsules,0404000U0AAABAB,799,45805.336290000094
2017-09-01 00:00:00+00:00,Lisdexamfetamine 60mg capsules,0404000U0AAAEAE,152,10704.921899999998
2017-09-01 00:00:00+00:00,Elvanse Adult 30mg capsules,0404000U0BDAAAB,59,3417.56579
2017-09-01 00:00:00+00:00,Elvanse Adult 70mg capsules,0404000U0BDACAF,48,3874.3608199999994
2017-09-01 00:00:00+00:00,Elvanse 50mg capsules,0404000U0BCACAD,1022,67218.8314100001
2017-09-01 00:00:00+00:00,Lisdexamfetamine 20mg capsules,0404000U0AAAAAA,204,12229.086359999996
2017-09-01 00:00:00+00:00,Elvanse 20mg capsules,0404000U0BCADAA,277,15507.97688999999
2017-10-01 00:00:00+00:00,Elvanse 40mg capsules,0404000U0BCAEAC,425,25979.773039999996
2017-10-01 00:00:00+00:00,Elvanse 30mg capsules,0404000U0BCAAAB,1195,68997.12147999983
2017-10-01 00:00:00+00:00,Elvanse Adult 30mg capsules,0404000U0BDAAAB,83,3213.0163599999996
2017-10-01 00:00:00+00:00,Elvanse Adult 50mg capsules,0404000U0BDABAD,73,4466.417379999999
2017-10-01 00:00:00+00:00,Lisdexamfetamine 20mg capsules,0404000U0AAAAAA,227,11476.267400000008
2017-10-01 00:00:00+00:00,Lisdexamfetamine 70mg capsules,0404000U0AAAFAF,728,55175.765769999976
2017-10-01 00:00:00+00:00,Lisdexamfetamine 30mg capsules,0404000U0AAABAB,822,46892.85108999989
2017-10-01 00:00:00+00:00,Lisdexamfetamine 50mg capsules,0404000U0AAADAD,907,56918.625719999865
2017-10-01 00:00:00+00:00,Elvanse 60mg capsules,0404000U0BCAFAE,225,16528.134850000017
2017-10-01 00:00:00+00:00,Elvanse 20mg capsules,0404000U0BCADAA,277,15304.96018000001
2017-10-01 00:00:00+00:00,Elvanse 50mg capsules,0404000U0BCACAD,1091,71911.43310999988
2017-10-01 00:00:00+00:00,Elvanse Adult 70mg capsules,0404000U0BDACAF,50,4018.76652
2017-10-01 00:00:00+00:00,Elvanse 70mg capsules,0404000U0BCABAF,642,50959.831040000034
2017-10-01 00:00:00+00:00,Lisdexamfetamine 40mg capsules,0404000U0AAACAC,297,17452.340079999998
2017-10-01 00:00:00+00:00,Lisdexamfetamine 60mg capsules,0404000U0AAAEAE,170,12054.779880000006
2017-11-01 00:00:00+00:00,Elvanse 60mg capsules,0404000U0BCAFAE,248,18053.638959999982
2017-11-01 00:00:00+00:00,Elvanse Adult 30mg capsules,0404000U0BDAAAB,108,4471.5337100000015
2017-11-01 00:00:00+00:00,Elvanse 50mg capsules,0404000U0BCACAD,1072,69311.72666999995
2017-11-01 00:00:00+00:00,Lisdexamfetamine 20mg capsules,0404000U0AAAAAA,226,12548.841069999999
2017-11-01 00:00:00+00:00,Elvanse 70mg capsules,0404000U0BCABAF,655,52248.94071999999
2017-11-01 00:00:00+00:00,Elvanse Adult 50mg capsules,0404000U0BDABAD,98,5304.58704
2017-11-01 00:00:00+00:00,Elvanse 20mg capsules,0404000U0BCADAA,323,17806.09086
2017-11-01 00:00:00+00:00,Elvanse 30mg capsules,0404000U0BCAAAB,1279,74049.28163999988
2017-11-01 00:00:00+00:00,Elvanse 40mg capsules,0404000U0BCAEAC,513,31671.269189999985
2017-11-01 00:00:00+00:00,Lisdexamfetamine 40mg capsules,0404000U0AAACAC,328,19604.498779999994
2017-11-01 00:00:00+00:00,Lisdexamfetamine 60mg capsules,0404000U0AAAEAE,182,12910.61356999999
2017-11-01 00:00:00+00:00,Lisdexamfetamine 70mg capsules,0404000U0AAAFAF,767,57937.67781000001
2017-11-01 00:00:00+00:00,Elvanse Adult 70mg capsules,0404000U0BDACAF,60,4710.739309999999
2017-11-01 00:00:00+00:00,Lisdexamfetamine 30mg capsules,0404000U0AAABAB,926,49903.28044999989
2017-11-01 00:00:00+00:00,Lisdexamfetamine 50mg capsules,0404000U0AAADAD,911,59736.80632999996
2017-12-01 00:00:00+00:00,Elvanse Adult 70mg capsules,0404000U0BDACAF,63,5161.042120000002
2017-12-01 00:00:00+00:00,Lisdexamfetamine 60mg capsules,0404000U0AAAEAE,177,12477.51093999999
2017-12-01 00:00:00+00:00,Lisdexamfetamine 20mg capsules,0404000U0AAAAAA,225,12295.4669
2017-12-01 00:00:00+00:00,Elvanse Adult 30mg capsules,0404000U0BDAAAB,109,5220.25918
2017-12-01 00:00:00+00:00,Lisdexamfetamine 40mg capsules,0404000U0AAACAC,361,21809.96624999997
2017-12-01 00:00:00+00:00,Lisdexamfetamine 70mg capsules,0404000U0AAAFAF,774,59749.46472999997
2017-12-01 00:00:00+00:00,Elvanse 20mg capsules,0404000U0BCADAA,312,17864.196359999994
2017-12-01 00:00:00+00:00,Lisdexamfetamine 50mg capsules,0404000U0AAADAD,888,57989.98271999997
2017-12-01 00:00:00+00:00,Elvanse 70mg capsules,0404000U0BCABAF,658,52119.98295999991
2017-12-01 00:00:00+00:00,Lisdexamfetamine 30mg capsules,0404000U0AAABAB,867,47725.25521999998
2017-12-01 00:00:00+00:00,Elvanse 60mg capsules,0404000U0BCAFAE,264,19441.079469999986
2017-12-01 00:00:00+00:00,Elvanse 30mg capsules,0404000U0BCAAAB,1207,69819.64074000003
2017-12-01 00:00:00+00:00,Elvanse 40mg capsules,0404000U0BCAEAC,472,29003.95583999998
2017-12-01 00:00:00+00:00,Elvanse Adult 50mg capsules,0404000U0BDABAD,109,4517.42628
2017-12-01 00:00:00+00:00,Elvanse 50mg capsules,0404000U0BCACAD,1123,72956.80677999994
2018-01-01 00:00:00+00:00,Elvanse 30mg capsules,0404000U0BCAAAB,1239,71936.70328000005
2018-01-01 00:00:00+00:00,Elvanse Adult 70mg capsules,0404000U0BDACAF,62,4573.612580000001
2018-01-01 00:00:00+00:00,Lisdexamfetamine 50mg capsules,0404000U0AAADAD,931,60251.20296999991
2018-01-01 00:00:00+00:00,Elvanse Adult 50mg capsules,0404000U0BDABAD,118,5492.316
2018-01-01 00:00:00+00:00,Lisdexamfetamine 30mg capsules,0404000U0AAABAB,907,50428.109500000035
2018-01-01 00:00:00+00:00,Elvanse 70mg capsules,0404000U0BCABAF,651,50397.84356000002
2018-01-01 00:00:00+00:00,Elvanse 50mg capsules,0404000U0BCACAD,1159,75506.70314999993
2018-01-01 00:00:00+00:00,Elvanse 60mg capsules,0404000U0BCAFAE,283,20225.628710000005
2018-01-01 00:00:00+00:00,Lisdexamfetamine 70mg capsules,0404000U0AAAFAF,708,54702.87559
2018-01-01 00:00:00+00:00,Lisdexamfetamine 60mg capsules,0404000U0AAAEAE,189,12934.146999999994
2018-01-01 00:00:00+00:00,Elvanse Adult 30mg capsules,0404000U0BDAAAB,106,5251.747909999998
2018-01-01 00:00:00+00:00,Elvanse 40mg capsules,0404000U0BCAEAC,541,33945.07991000004
2018-01-01 00:00:00+00:00,Elvanse 20mg capsules,0404000U0BCADAA,355,18846.13587000002
2018-01-01 00:00:00+00:00,Lisdexamfetamine 20mg capsules,0404000U0AAAAAA,257,14818.861740000004
2018-01-01 00:00:00+00:00,Lisdexamfetamine 40mg capsules,0404000U0AAACAC,351,21066.562380000025
2018-02-01 00:00:00+00:00,Lisdexamfetamine 70mg capsules,0404000U0AAAFAF,688,53234.98120999997
2018-02-01 00:00:00+00:00,Elvanse Adult 30mg capsules,0404000U0BDAAAB,86,5011.548739999998
2018-02-01 00:00:00+00:00,Lisdexamfetamine 50mg capsules,0404000U0AAADAD,866,56589.18157000019
2018-02-01 00:00:00+00:00,Lisdexamfetamine 30mg capsules,0404000U0AAABAB,828,45059.75675000013
2018-02-01 00:00:00+00:00,Elvanse 60mg capsules,0404000U0BCAFAE,247,17832.188069999993
2018-02-01 00:00:00+00:00,Elvanse 40mg capsules,0404000U0BCAEAC,475,29570.50497000004
2018-02-01 00:00:00+00:00,Elvanse 20mg capsules,0404000U0BCADAA,352,18493.335100000015
2018-02-01 00:00:00+00:00,Elvanse Adult 70mg capsules,0404000U0BDACAF,64,5081.452750000002
2018-02-01 00:00:00+00:00,Lisdexamfetamine 60mg capsules,0404000U0AAAEAE,196,13948.475619999994
2018-02-01 00:00:00+00:00,Lisdexamfetamine 40mg capsules,0404000U0AAACAC,340,20382.94745000002
2018-02-01 00:00:00+00:00,Lisdexamfetamine 20mg capsules,0404000U0AAAAAA,238,12326.557179999998
2018-02-01 00:00:00+00:00,Elvanse Adult 50mg capsules,0404000U0BDABAD,104,5459.299579999998
2018-02-01 00:00:00+00:00,Elvanse 30mg capsules,0404000U0BCAAAB,1113,64607.27178000024
2018-02-01 00:00:00+00:00,Elvanse 50mg capsules,0404000U0BCACAD,1010,65558.23991000024
2018-02-01 00:00:00+00:00,Elvanse 70mg capsules,0404000U0BCABAF,623,49403.34112999996
2018-03-01 00:00:00+00:00,Elvanse 70mg capsules,0404000U0BCABAF,684,53427.508010000034
2018-03-01 00:00:00+00:00,Elvanse Adult 30mg capsules,0404000U0BDAAAB,88,4796.090080000001
2018-03-01 00:00:00+00:00,Lisdexamfetamine 40mg capsules,0404000U0AAACAC,424,25445.65159
2018-03-01 00:00:00+00:00,Elvanse 50mg capsules,0404000U0BCACAD,1173,76716.2058499999
2018-03-01 00:00:00+00:00,Lisdexamfetamine 50mg capsules,0404000U0AAADAD,991,64392.9823099999
2018-03-01 00:00:00+00:00,Elvanse Adult 70mg capsules,0404000U0BDACAF,72,5620.641750000001
2018-03-01 00:00:00+00:00,Elvanse Adult 50mg capsules,0404000U0BDABAD,138,6815.850919999997
2018-03-01 00:00:00+00:00,Elvanse 40mg capsules,0404000U0BCAEAC,562,35506.06798999998
2018-03-01 00:00:00+00:00,Elvanse 20mg capsules,0404000U0BCADAA,410,19824.67181000001
2018-03-01 00:00:00+00:00,Lisdexamfetamine 30mg capsules,0404000U0AAABAB,929,51607.455779999975
2018-03-01 00:00:00+00:00,Elvanse 30mg capsules,0404000U0BCAAAB,1355,78769.84006999998
2018-03-01 00:00:00+00:00,Elvanse 60mg capsules,0404000U0BCAFAE,319,22889.29868
2018-03-01 00:00:00+00:00,Lisdexamfetamine 20mg capsules,0404000U0AAAAAA,278,15868.819690000008
2018-03-01 00:00:00+00:00,Lisdexamfetamine 70mg capsules,0404000U0AAAFAF,800,61454.58674000004
2018-03-01 00:00:00+00:00,Lisdexamfetamine 60mg capsules,0404000U0AAAEAE,212,14961.041930000007
2018-04-01 00:00:00+00:00,Elvanse 20mg capsules,0404000U0BCADAA,390,20136.65289999998
2018-04-01 00:00:00+00:00,Elvanse Adult 30mg capsules,0404000U0BDAAAB,93,5334.066580000001
2018-04-01 00:00:00+00:00,Elvanse 70mg capsules,0404000U0BCABAF,714,53394.289590000044
2018-04-01 00:00:00+00:00,Lisdexamfetamine 20mg capsules,0404000U0AAAAAA,249,13470.235449999993
2018-04-01 00:00:00+00:00,Elvanse 50mg capsules,0404000U0BCACAD,1145,74865.51106999989
2018-04-01 00:00:00+00:00,Elvanse Adult 50mg capsules,0404000U0BDABAD,136,6395.64266
2018-04-01 00:00:00+00:00,Elvanse 60mg capsules,0404000U0BCAFAE,304,21667.783149999996
2018-04-01 00:00:00+00:00,Lisdexamfetamine 70mg capsules,0404000U0AAAFAF,719,55778.79172000001
2018-04-01 00:00:00+00:00,Elvanse Adult 70mg capsules,0404000U0BDACAF,71,5249.632519999999
2018-04-01 00:00:00+00:00,Lisdexamfetamine 60mg capsules,0404000U0AAAEAE,197,13840.33274000001
2018-04-01 00:00:00+00:00,Lisdexamfetamine 30mg capsules,0404000U0AAABAB,854,47102.219939999966
2018-04-01 00:00:00+00:00,Elvanse 40mg capsules,0404000U0BCAEAC,508,32068.16297999995
2018-04-01 00:00:00+00:00,Lisdexamfetamine 40mg capsules,0404000U0AAACAC,383,23443.303279999982
2018-04-01 00:00:00+00:00,Elvanse 30mg capsules,0404000U0BCAAAB,1195,69101.09694000008
2018-04-01 00:00:00+00:00,Lisdexamfetamine 50mg capsules,0404000U0AAADAD,959,62652.766169999944
2018-05-01 00:00:00+00:00,Elvanse 20mg capsules,0404000U0BCADAA,464,24071.939670000014
2018-05-01 00:00:00+00:00,Lisdexamfetamine 20mg capsules,0404000U0AAAAAA,308,16632.267380000012
2018-05-01 00:00:00+00:00,Lisdexamfetamine 50mg capsules,0404000U0AAADAD,1042,65599.5531200002
2018-05-01 00:00:00+00:00,Lisdexamfetamine 70mg capsules,0404000U0AAAFAF,797,61646.81891999995
2018-05-01 00:00:00+00:00,Elvanse Adult 70mg capsules,0404000U0BDACAF,81,5813.608930000002
2018-05-01 00:00:00+00:00,Elvanse 70mg capsules,0404000U0BCABAF,764,57298.87899999995
2018-05-01 00:00:00+00:00,Lisdexamfetamine 60mg capsules,0404000U0AAAEAE,228,15994.483999999986
2018-05-01 00:00:00+00:00,Elvanse 50mg capsules,0404000U0BCACAD,1198,77709.37268000025
2018-05-01 00:00:00+00:00,Elvanse 60mg capsules,0404000U0BCAFAE,335,25127.28041999997
2018-05-01 00:00:00+00:00,Elvanse Adult 30mg capsules,0404000U0BDAAAB,108,5754.0311599999995
2018-05-01 00:00:00+00:00,Elvanse Adult 50mg capsules,0404000U0BDABAD,153,7106.222410000002
2018-05-01 00:00:00+00:00,Elvanse 40mg capsules,0404000U0BCAEAC,610,38319.56049999992
2018-05-01 00:00:00+00:00,Elvanse 30mg capsules,0404000U0BCAAAB,1370,79767.70955000006
2018-05-01 00:00:00+00:00,Lisdexamfetamine 40mg capsules,0404000U0AAACAC,420,25263.532369999954
2018-05-01 00:00:00+00:00,Lisdexamfetamine 30mg capsules,0404000U0AAABAB,936,52033.77638999997
2018-06-01 00:00:00+00:00,Lisdexamfetamine 50mg capsules,0404000U0AAADAD,1093,68338.63019999993
2018-06-01 00:00:00+00:00,Lisdexamfetamine 70mg capsules,0404000U0AAAFAF,790,59975.54726000008
2018-06-01 00:00:00+00:00,Lisdexamfetamine 30mg capsules,0404000U0AAABAB,936,52512.556760000036
2018-06-01 00:00:00+00:00,Elvanse Adult 50mg capsules,0404000U0BDABAD,144,7792.308340000001
2018-06-01 00:00:00+00:00,Lisdexamfetamine 40mg capsules,0404000U0AAACAC,467,28906.03987000003
2018-06-01 00:00:00+00:00,Lisdexamfetamine 60mg capsules,0404000U0AAAEAE,240,17760.746529999997
2018-06-01 00:00:00+00:00,Elvanse 20mg capsules,0404000U0BCADAA,455,24038.40315
2018-06-01 00:00:00+00:00,Elvanse 50mg capsules,0404000U0BCACAD,1246,80969.99446999993
2018-06-01 00:00:00+00:00,Elvanse 30mg capsules,0404000U0BCAAAB,1377,78962.99004999992
2018-06-01 00:00:00+00:00,Elvanse Adult 70mg capsules,0404000U0BDACAF,76,5217.93786
2018-06-01 00:00:00+00:00,Elvanse 70mg capsules,0404000U0BCABAF,739,56731.744149999984
2018-06-01 00:00:00+00:00,Elvanse 60mg capsules,0404000U0BCAFAE,338,23852.13757
2018-06-01 00:00:00+00:00,Elvanse 40mg capsules,0404000U0BCAEAC,613,38789.216350000046
2018-06-01 00:00:00+00:00,Lisdexamfetamine 20mg capsules,0404000U0AAAAAA,313,17449.306700000012
2018-06-01 00:00:00+00:00,Elvanse Adult 30mg capsules,0404000U0BDAAAB,98,5586.18477
2018-07-01 00:00:00+00:00,Lisdexamfetamine 50mg capsules,0404000U0AAADAD,1088,68585.74144999977
2018-07-01 00:00:00+00:00,Lisdexamfetamine 30mg capsules,0404000U0AAABAB,965,52636.27622999986
2018-07-01 00:00:00+00:00,Elvanse Adult 70mg capsules,0404000U0BDACAF,88,6975.1196899999995
2018-07-01 00:00:00+00:00,Lisdexamfetamine 40mg capsules,0404000U0AAACAC,425,25481.998400000033
2018-07-01 00:00:00+00:00,Elvanse 60mg capsules,0404000U0BCAFAE,345,25292.22648999998
2018-07-01 00:00:00+00:00,Elvanse 20mg capsules,0404000U0BCADAA,469,24450.101239999993
2018-07-01 00:00:00+00:00,Elvanse 50mg capsules,0404000U0BCACAD,1198,79329.67848999976
2018-07-01 00:00:00+00:00,Elvanse 30mg capsules,0404000U0BCAAAB,1345,79142.06529999978
2018-07-01 00:00:00+00:00,Elvanse Adult 50mg capsules,0404000U0BDABAD,159,7847.85907
2018-07-01 00:00:00+00:00,Elvanse 70mg capsules,0404000U0BCABAF,711,56407.77389
2018-07-01 00:00:00+00:00,Lisdexamfetamine 20mg capsules,0404000U0AAAAAA,301,16452.056800000006
2018-07-01 00:00:00+00:00,Lisdexamfetamine 70mg capsules,0404000U0AAAFAF,823,64204.74871000004
2018-07-01 00:00:00+00:00,Elvanse Adult 30mg capsules,0404000U0BDAAAB,109,6166.669160000001
2018-07-01 00:00:00+00:00,Lisdexamfetamine 60mg capsules,0404000U0AAAEAE,253,17935.715129999997
2018-07-01 00:00:00+00:00,Elvanse 40mg capsules,0404000U0BCAEAC,600,38132.72692000006
2018-08-01 00:00:00+00:00,Lisdexamfetamine 20mg capsules,0404000U0AAAAAA,335,18436.05023
2018-08-01 00:00:00+00:00,Elvanse 30mg capsules,0404000U0BCAAAB,1369,79395.5903299998
2018-08-01 00:00:00+00:00,Elvanse Adult 30mg capsules,0404000U0BDAAAB,111,6284.135499999998
2018-08-01 00:00:00+00:00,Elvanse 20mg capsules,0404000U0BCADAA,455,23088.298059999986
2018-08-01 00:00:00+00:00,Lisdexamfetamine 60mg capsules,0404000U0AAAEAE,259,18725.219390000006
2018-08-01 00:00:00+00:00,Elvanse 60mg capsules,0404000U0BCAFAE,346,25034.95701
2018-08-01 00:00:00+00:00,Elvanse 50mg capsules,0404000U0BCACAD,1122,74617.53853000014
2018-08-01 00:00:00+00:00,Elvanse Adult 50mg capsules,0404000U0BDABAD,189,9575.235239999996
2018-08-01 00:00:00+00:00,Lisdexamfetamine 40mg capsules,0404000U0AAACAC,460,27173.58592000005
2018-08-01 00:00:00+00:00,Elvanse 70mg capsules,0404000U0BCABAF,716,56400.85819000013
2018-08-01 00:00:00+00:00,Lisdexamfetamine 50mg capsules,0404000U0AAADAD,1080,67019.69849000011
2018-08-01 00:00:00+00:00,Lisdexamfetamine 30mg capsules,0404000U0AAABAB,966,53012.52256999987
2018-08-01 00:00:00+00:00,Elvanse 40mg capsules,0404000U0BCAEAC,568,35776.413050000054
2018-08-01 00:00:00+00:00,Elvanse Adult 70mg capsules,0404000U0BDACAF,88,6183.009620000001
2018-08-01 00:00:00+00:00,Lisdexamfetamine 70mg capsules,0404000U0AAAFAF,852,63991.62883000015
2018-09-01 00:00:00+00:00,Elvanse Adult 50mg capsules,0404000U0BDABAD,157,7979.407839999996
2018-09-01 00:00:00+00:00,Elvanse 50mg capsules,0404000U0BCACAD,1213,80184.65235000027
2018-09-01 00:00:00+00:00,Elvanse 20mg capsules,0404000U0BCADAA,523,28107.832819999974
2018-09-01 00:00:00+00:00,Lisdexamfetamine 20mg capsules,0404000U0AAAAAA,330,18278.410479999984
2018-09-01 00:00:00+00:00,Lisdexamfetamine 40mg capsules,0404000U0AAACAC,464,27331.405220000022
2018-09-01 00:00:00+00:00,Lisdexamfetamine 70mg capsules,0404000U0AAAFAF,843,63482.01146999982
2018-09-01 00:00:00+00:00,Elvanse Adult 30mg capsules,0404000U0BDAAAB,110,6520.44155
2018-09-01 00:00:00+00:00,Lisdexamfetamine 50mg capsules,0404000U0AAADAD,1104,67639.16610000024
2018-09-01 00:00:00+00:00,Lisdexamfetamine 30mg capsules,0404000U0AAABAB,1012,55316.12442999999
2018-09-01 00:00:00+00:00,Elvanse Adult 70mg capsules,0404000U0BDACAF,81,5663.357169999998
2018-09-01 00:00:00+00:00,Elvanse 70mg capsules,0404000U0BCABAF,676,53404.06640999987
2018-09-01 00:00:00+00:00,Elvanse 30mg capsules,0404000U0BCAAAB,1315,76257.30891999995
2018-09-01 00:00:00+00:00,Elvanse 40mg capsules,0404000U0BCAEAC,634,39792.18756000008
2018-09-01 00:00:00+00:00,Elvanse 60mg capsules,0404000U0BCAFAE,355,26785.835989999985
2018-09-01 00:00:00+00:00,Lisdexamfetamine 60mg capsules,0404000U0AAAEAE,272,19306.674720000006
2018-10-01 00:00:00+00:00,Lisdexamfetamine 50mg capsules,0404000U0AAADAD,1220,73475.94175999986
2018-10-01 00:00:00+00:00,Elvanse 30mg capsules,0404000U0BCAAAB,1536,89075.30516000024
2018-10-01 00:00:00+00:00,Elvanse Adult 70mg capsules,0404000U0BDACAF,92,7135.433789999999
2018-10-01 00:00:00+00:00,Elvanse 40mg capsules,0404000U0BCAEAC,685,42244.42358999992
2018-10-01 00:00:00+00:00,Lisdexamfetamine 60mg capsules,0404000U0AAAEAE,301,21340.768029999977
2018-10-01 00:00:00+00:00,Elvanse 20mg capsules,0404000U0BCADAA,552,29005.87730000003
2018-10-01 00:00:00+00:00,Elvanse Adult 50mg capsules,0404000U0BDABAD,177,9050.392899999999
2018-10-01 00:00:00+00:00,Lisdexamfetamine 70mg capsules,0404000U0AAAFAF,947,71861.44091999982
2018-10-01 00:00:00+00:00,Elvanse 60mg capsules,0404000U0BCAFAE,392,28820.23316999997
2018-10-01 00:00:00+00:00,Elvanse Adult 30mg capsules,0404000U0BDAAAB,132,7211.586780000001
2018-10-01 00:00:00+00:00,Lisdexamfetamine 40mg capsules,0404000U0AAACAC,562,32415.648879999942
2018-10-01 00:00:00+00:00,Lisdexamfetamine 20mg capsules,0404000U0AAAAAA,387,20574.516280000018
2018-10-01 00:00:00+00:00,Lisdexamfetamine 30mg capsules,0404000U0AAABAB,1112,59549.16347
2018-10-01 00:00:00+00:00,Elvanse 50mg capsules,0404000U0BCACAD,1294,85122.4463999999
2018-10-01 00:00:00+00:00,Elvanse 70mg capsules,0404000U0BCABAF,772,61223.123419999865
2018-11-01 00:00:00+00:00,Elvanse 40mg capsules,0404000U0BCAEAC,727,46026.23856999991
2018-11-01 00:00:00+00:00,Elvanse Adult 70mg capsules,0404000U0BDACAF,100,7370.132009999999
2018-11-01 00:00:00+00:00,Lisdexamfetamine 30mg capsules,0404000U0AAABAB,1138,61683.13114000022
2018-11-01 00:00:00+00:00,Lisdexamfetamine 60mg capsules,0404000U0AAAEAE,295,20887.31520999998
2018-11-01 00:00:00+00:00,Elvanse 60mg capsules,0404000U0BCAFAE,410,30349.12918999995
2018-11-01 00:00:00+00:00,Elvanse Adult 50mg capsules,0404000U0BDABAD,186,10227.972829999999
2018-11-01 00:00:00+00:00,Elvanse 70mg capsules,0404000U0BCABAF,776,61345.55518000005
2018-11-01 00:00:00+00:00,Elvanse 30mg capsules,0404000U0BCAAAB,1549,88311.83388000034
2018-11-01 00:00:00+00:00,Elvanse Adult 30mg capsules,0404000U0BDAAAB,121,7132.898899999998
2018-11-01 00:00:00+00:00,Lisdexamfetamine 50mg capsules,0404000U0AAADAD,1285,76601.09850000011
2018-11-01 00:00:00+00:00,Elvanse 50mg capsules,0404000U0BCACAD,1332,88328.63298000014
2018-11-01 00:00:00+00:00,Elvanse 20mg capsules,0404000U0BCADAA,614,32927.12431
2018-11-01 00:00:00+00:00,Lisdexamfetamine 70mg capsules,0404000U0AAAFAF,921,68924.99804000006
2018-11-01 00:00:00+00:00,Lisdexamfetamine 20mg capsules,0404000U0AAAAAA,431,22485.5464
2018-11-01 00:00:00+00:00,Lisdexamfetamine 40mg capsules,0404000U0AAACAC,552,32286.70720999997
2018-12-01 00:00:00+00:00,Lisdexamfetamine 60mg capsules,0404000U0AAAEAE,301,21220.915600000008
2018-12-01 00:00:00+00:00,Elvanse 50mg capsules,0404000U0BCACAD,1262,82725.6297799998
2018-12-01 00:00:00+00:00,Elvanse Adult 30mg capsules,0404000U0BDAAAB,147,8590.045810000001
2018-12-01 00:00:00+00:00,Lisdexamfetamine 50mg capsules,0404000U0AAADAD,1308,79510.94477999982
2018-12-01 00:00:00+00:00,Elvanse 60mg capsules,0404000U0BCAFAE,393,29020.739369999985
2018-12-01 00:00:00+00:00,Elvanse Adult 70mg capsules,0404000U0BDACAF,110,8170.636909999998
2018-12-01 00:00:00+00:00,Lisdexamfetamine 30mg capsules,0404000U0AAABAB,1133,62083.47896999998
2018-12-01 00:00:00+00:00,Elvanse 20mg capsules,0404000U0BCADAA,537,27949.293770000033
2018-12-01 00:00:00+00:00,Lisdexamfetamine 20mg capsules,0404000U0AAAAAA,400,22321.919290000013
2018-12-01 00:00:00+00:00,Lisdexamfetamine 70mg capsules,0404000U0AAAFAF,962,71576.38587999994
2018-12-01 00:00:00+00:00,Elvanse 30mg capsules,0404000U0BCAAAB,1505,88278.50943000015
2018-12-01 00:00:00+00:00,Elvanse 40mg capsules,0404000U0BCAEAC,763,48433.96486999998
2018-12-01 00:00:00+00:00,Elvanse Adult 50mg capsules,0404000U0BDABAD,181,9846.759279999998
2018-12-01 00:00:00+00:00,Lisdexamfetamine 40mg capsules,0404000U0AAACAC,556,33126.93609999996
2018-12-01 00:00:00+00:00,Elvanse 70mg capsules,0404000U0BCABAF,766,61475.369679999974
2019-01-01 00:00:00+00:00,Lisdexamfetamine 30mg capsules,0404000U0AAABAB,1185,64495.71077999988
2019-01-01 00:00:00+00:00,Lisdexamfetamine 50mg capsules,0404000U0AAADAD,1307,79147.9164899998
2019-01-01 00:00:00+00:00,Elvanse 20mg capsules,0404000U0BCADAA,602,31440.01103
2019-01-01 00:00:00+00:00,Elvanse 30mg capsules,0404000U0BCAAAB,1577,91587.56113999992
2019-01-01 00:00:00+00:00,Elvanse Adult 50mg capsules,0404000U0BDABAD,206,11568.43926
2019-01-01 00:00:00+00:00,Lisdexamfetamine 40mg capsules,0404000U0AAACAC,596,35273.31447000008
2019-01-01 00:00:00+00:00,Lisdexamfetamine 70mg capsules,0404000U0AAAFAF,1025,76176.83765999977
2019-01-01 00:00:00+00:00,Lisdexamfetamine 20mg capsules,0404000U0AAAAAA,431,23300.86578999999
2019-01-01 00:00:00+00:00,Elvanse 40mg capsules,0404000U0BCAEAC,828,51536.67656000012
2019-01-01 00:00:00+00:00,Elvanse 50mg capsules,0404000U0BCACAD,1399,93418.34644999978
2019-01-01 00:00:00+00:00,Elvanse Adult 70mg capsules,0404000U0BDACAF,104,8166.92233
2019-01-01 00:00:00+00:00,Elvanse 60mg capsules,0404000U0BCAFAE,412,30245.26923999997
2019-01-01 00:00:00+00:00,Elvanse Adult 30mg capsules,0404000U0BDAAAB,142,8541.309150000003
2019-01-01 00:00:00+00:00,Elvanse 70mg capsules,0404000U0BCABAF,810,63712.42211999984
2019-01-01 00:00:00+00:00,Lisdexamfetamine 60mg capsules,0404000U0AAAEAE,329,23782.450929999985
2019-02-01 00:00:00+00:00,Elvanse 40mg capsules,0404000U0BCAEAC,746,46833.411640000006
2019-02-01 00:00:00+00:00,Lisdexamfetamine 60mg capsules,0404000U0AAAEAE,304,21198.549039999976
2019-02-01 00:00:00+00:00,Lisdexamfetamine 20mg capsules,0404000U0AAAAAA,401,21889.928549999993
2019-02-01 00:00:00+00:00,Elvanse 60mg capsules,0404000U0BCAFAE,408,30731.661979999953
2019-02-01 00:00:00+00:00,Elvanse 70mg capsules,0404000U0BCABAF,738,57763.74253000006
2019-02-01 00:00:00+00:00,Lisdexamfetamine 50mg capsules,0404000U0AAADAD,1247,75877.32745999997
2019-02-01 00:00:00+00:00,Elvanse 20mg capsules,0404000U0BCADAA,578,30079.158109999997
2019-02-01 00:00:00+00:00,Lisdexamfetamine 30mg capsules,0404000U0AAABAB,1120,63007.3417299999
2019-02-01 00:00:00+00:00,Lisdexamfetamine 40mg capsules,0404000U0AAACAC,556,33685.95140000001
2019-02-01 00:00:00+00:00,Elvanse Adult 70mg capsules,0404000U0BDACAF,125,9886.80127
2019-02-01 00:00:00+00:00,Elvanse Adult 50mg capsules,0404000U0BDABAD,194,10568.570149999996
2019-02-01 00:00:00+00:00,Elvanse 30mg capsules,0404000U0BCAAAB,1526,89634.25004999965
2019-02-01 00:00:00+00:00,Lisdexamfetamine 70mg capsules,0404000U0AAAFAF,912,66020.57002000016
2019-02-01 00:00:00+00:00,Elvanse 50mg capsules,0404000U0BCACAD,1346,88488.36650999995
2019-02-01 00:00:00+00:00,Elvanse Adult 30mg capsules,0404000U0BDAAAB,141,7964.600049999999
2019-03-01 00:00:00+00:00,Elvanse 50mg capsules,0404000U0BCACAD,1528,102377.56411999979
2019-03-01 00:00:00+00:00,Lisdexamfetamine 30mg capsules,0404000U0AAABAB,1253,70008.35616000017
2019-03-01 00:00:00+00:00,Elvanse Adult 50mg capsules,0404000U0BDABAD,211,11600.411259999993
2019-03-01 00:00:00+00:00,Elvanse 30mg capsules,0404000U0BCAAAB,1780,103420.22430000029
2019-03-01 00:00:00+00:00,Elvanse 20mg capsules,0404000U0BCADAA,721,38054.46327000001
2019-03-01 00:00:00+00:00,Lisdexamfetamine 50mg capsules,0404000U0AAADAD,1458,88227.21770999974
2019-03-01 00:00:00+00:00,Elvanse Adult 30mg capsules,0404000U0BDAAAB,171,10117.75249
2019-03-01 00:00:00+00:00,Elvanse Adult 70mg capsules,0404000U0BDACAF,120,9317.768750000001
2019-03-01 00:00:00+00:00,Elvanse 70mg capsules,0404000U0BCABAF,862,68468.89358999977
2019-03-01 00:00:00+00:00,Elvanse 60mg capsules,0404000U0BCAFAE,462,34150.12458000006
2019-03-01 00:00:00+00:00,Lisdexamfetamine 60mg capsules,0404000U0AAAEAE,378,27004.60271000002
2019-03-01 00:00:00+00:00,Lisdexamfetamine 70mg capsules,0404000U0AAAFAF,1019,75577.46079999972
2019-03-01 00:00:00+00:00,Lisdexamfetamine 40mg capsules,0404000U0AAACAC,647,38972.88168000004
2019-03-01 00:00:00+00:00,Lisdexamfetamine 20mg capsules,0404000U0AAAAAA,454,24763.072410000008
2019-03-01 00:00:00+00:00,Elvanse 40mg capsules,0404000U0BCAEAC,875,55027.048820000025
2019-04-01 00:00:00+00:00,Lisdexamfetamine 50mg capsules,0404000U0AAADAD,1459,85521.57012999969
2019-04-01 00:00:00+00:00,Elvanse 20mg capsules,0404000U0BCADAA,676,35119.376239999925
2019-04-01 00:00:00+00:00,Elvanse 60mg capsules,0404000U0BCAFAE,455,32851.98424000001
2019-04-01 00:00:00+00:00,Lisdexamfetamine 20mg capsules,0404000U0AAAAAA,442,24717.84097999998
2019-04-01 00:00:00+00:00,Elvanse 50mg capsules,0404000U0BCACAD,1407,92361.49433999979
2019-04-01 00:00:00+00:00,Elvanse Adult 70mg capsules,0404000U0BDACAF,139,10345.377799999998
2019-04-01 00:00:00+00:00,Elvanse Adult 50mg capsules,0404000U0BDABAD,233,13101.194919999994
2019-04-01 00:00:00+00:00,Lisdexamfetamine 40mg capsules,0404000U0AAACAC,609,36397.19716999994
2019-04-01 00:00:00+00:00,Elvanse Adult 30mg capsules,0404000U0BDAAAB,153,9035.03694
2019-04-01 00:00:00+00:00,Lisdexamfetamine 60mg capsules,0404000U0AAAEAE,373,26219.60160000001
2019-04-01 00:00:00+00:00,Elvanse 70mg capsules,0404000U0BCABAF,836,65187.52611999988
2019-04-01 00:00:00+00:00,Elvanse 30mg capsules,0404000U0BCAAAB,1690,99945.51893000027
2019-04-01 00:00:00+00:00,Lisdexamfetamine 30mg capsules,0404000U0AAABAB,1231,69337.11800000009
2019-04-01 00:00:00+00:00,Lisdexamfetamine 70mg capsules,0404000U0AAAFAF,1010,74199.82956999986
2019-04-01 00:00:00+00:00,Elvanse 40mg capsules,0404000U0BCAEAC,809,50756.358139999924
2019-05-01 00:00:00+00:00,Elvanse 40mg capsules,0404000U0BCAEAC,930,58404.463010000116
2019-05-01 00:00:00+00:00,Lisdexamfetamine 60mg capsules,0404000U0AAAEAE,413,29222.283659999986
2019-05-01 00:00:00+00:00,Elvanse 70mg capsules,0404000U0BCABAF,929,71208.11973
2019-05-01 00:00:00+00:00,Elvanse 30mg capsules,0404000U0BCAAAB,1824,104967.22636000019
2019-05-01 00:00:00+00:00,Elvanse 20mg capsules,0404000U0BCADAA,784,41500.54154000005
2019-05-01 00:00:00+00:00,Lisdexamfetamine 50mg capsules,0404000U0AAADAD,1611,95976.53680000035
2019-05-01 00:00:00+00:00,Elvanse Adult 70mg capsules,0404000U0BDACAF,129,10155.760810000002
2019-05-01 00:00:00+00:00,Elvanse 60mg capsules,0404000U0BCAFAE,529,38842.22913999994
2019-05-01 00:00:00+00:00,Elvanse Adult 50mg capsules,0404000U0BDABAD,254,14215.51348
2019-05-01 00:00:00+00:00,Lisdexamfetamine 20mg capsules,0404000U0AAAAAA,525,28311.193790000005
2019-05-01 00:00:00+00:00,Lisdexamfetamine 70mg capsules,0404000U0AAAFAF,1108,82668.39303000008
2019-05-01 00:00:00+00:00,Elvanse 50mg capsules,0404000U0BCACAD,1598,104642.75593000022
2019-05-01 00:00:00+00:00,Lisdexamfetamine 30mg capsules,0404000U0AAABAB,1396,78071.81202000011
2019-05-01 00:00:00+00:00,Elvanse Adult 30mg capsules,0404000U0BDAAAB,194,11165.382090000008
2019-05-01 00:00:00+00:00,Lisdexamfetamine 40mg capsules,0404000U0AAACAC,670,39934.81177000005
2019-06-01 00:00:00+00:00,Lisdexamfetamine 50mg capsules,0404000U0AAADAD,1514,92232.36759000033
2019-06-01 00:00:00+00:00,Elvanse Adult 50mg capsules,0404000U0BDABAD,270,15693.822680000005
2019-06-01 00:00:00+00:00,Lisdexamfetamine 60mg capsules,0404000U0AAAEAE,362,25966.84270999999
2019-06-01 00:00:00+00:00,Elvanse 30mg capsules,0404000U0BCAAAB,1806,105676.85873000004
2019-06-01 00:00:00+00:00,Elvanse 50mg capsules,0404000U0BCACAD,1573,103244.2107500003
2019-06-01 00:00:00+00:00,Elvanse 20mg capsules,0404000U0BCADAA,759,40430.47024000005
2019-06-01 00:00:00+00:00,Elvanse Adult 70mg capsules,0404000U0BDACAF,165,12206.942489999998
2019-06-01 00:00:00+00:00,Lisdexamfetamine 30mg capsules,0404000U0AAABAB,1357,74682.13237000005
2019-06-01 00:00:00+00:00,Elvanse 70mg capsules,0404000U0BCABAF,882,69450.1833200002
2019-06-01 00:00:00+00:00,Elvanse 60mg capsules,0404000U0BCAFAE,517,38602.4564
2019-06-01 00:00:00+00:00,Lisdexamfetamine 70mg capsules,0404000U0AAAFAF,1087,79485.45493000039
2019-06-01 00:00:00+00:00,Elvanse 40mg capsules,0404000U0BCAEAC,903,56068.02074000011
2019-06-01 00:00:00+00:00,Elvanse Adult 30mg capsules,0404000U0BDAAAB,181,10548.7209
2019-06-01 00:00:00+00:00,Lisdexamfetamine 40mg capsules,0404000U0AAACAC,651,38804.266670000085
2019-06-01 00:00:00+00:00,Lisdexamfetamine 20mg capsules,0404000U0AAAAAA,477,26176.10188000003
2019-07-01 00:00:00+00:00,Elvanse Adult 30mg capsules,0404000U0BDAAAB,221,12248.465509999998
2019-07-01 00:00:00+00:00,Elvanse 70mg capsules,0404000U0BCABAF,928,72235.28151000009
2019-07-01 00:00:00+00:00,Lisdexamfetamine 60mg capsules,0404000U0AAAEAE,402,28141.311320000008
2019-07-01 00:00:00+00:00,Lisdexamfetamine 70mg capsules,0404000U0AAAFAF,1119,82866.03017000014
2019-07-01 00:00:00+00:00,Lisdexamfetamine 30mg capsules,0404000U0AAABAB,1371,77841.8849400001
2019-07-01 00:00:00+00:00,Elvanse 50mg capsules,0404000U0BCACAD,1550,102395.26058000028
2019-07-01 00:00:00+00:00,Elvanse Adult 70mg capsules,0404000U0BDACAF,178,11477.745439999999
2019-07-01 00:00:00+00:00,Elvanse 40mg capsules,0404000U0BCAEAC,944,58250.43266000008
2019-07-01 00:00:00+00:00,Elvanse Adult 50mg capsules,0404000U0BDABAD,244,15840.606379999994
2019-07-01 00:00:00+00:00,Lisdexamfetamine 50mg capsules,0404000U0AAADAD,1515,91173.74014000029
2019-07-01 00:00:00+00:00,Elvanse 30mg capsules,0404000U0BCAAAB,1824,106226.81003000014
2019-07-01 00:00:00+00:00,Lisdexamfetamine 40mg capsules,0404000U0AAACAC,641,37792.06987000005
2019-07-01 00:00:00+00:00,Lisdexamfetamine 20mg capsules,0404000U0AAAAAA,514,28730.066379999997
2019-07-01 00:00:00+00:00,Elvanse 20mg capsules,0404000U0BCADAA,773,42944.27363000006
2019-07-01 00:00:00+00:00,Elvanse 60mg capsules,0404000U0BCAFAE,526,38431.13701000002
2019-08-01 00:00:00+00:00,Elvanse Adult 30mg capsules,0404000U0BDAAAB,227,13011.797030000009
2019-08-01 00:00:00+00:00,Lisdexamfetamine 70mg capsules,0404000U0AAAFAF,1158,83103.48247000018
2019-08-01 00:00:00+00:00,Elvanse 60mg capsules,0404000U0BCAFAE,530,38135.271829999976
2019-08-01 00:00:00+00:00,Elvanse 40mg capsules,0404000U0BCAEAC,877,54227.377509999926
2019-08-01 00:00:00+00:00,Lisdexamfetamine 60mg capsules,0404000U0AAAEAE,398,28163.593999999975
2019-08-01 00:00:00+00:00,Elvanse 50mg capsules,0404000U0BCACAD,1560,101225.18656000035
2019-08-01 00:00:00+00:00,Elvanse Adult 50mg capsules,0404000U0BDABAD,277,17610.093009999997
2019-08-01 00:00:00+00:00,Lisdexamfetamine 20mg capsules,0404000U0AAAAAA,537,28342.955090000007
2019-08-01 00:00:00+00:00,Lisdexamfetamine 40mg capsules,0404000U0AAACAC,667,39499.77490999991
2019-08-01 00:00:00+00:00,Elvanse Adult 70mg capsules,0404000U0BDACAF,212,14183.098000000004
2019-08-01 00:00:00+00:00,Lisdexamfetamine 30mg capsules,0404000U0AAABAB,1382,78093.7907000001
2019-08-01 00:00:00+00:00,Elvanse 20mg capsules,0404000U0BCADAA,774,42280.95208000002
2019-08-01 00:00:00+00:00,Elvanse 70mg capsules,0404000U0BCABAF,948,73827.61348000009
2019-08-01 00:00:00+00:00,Lisdexamfetamine 50mg capsules,0404000U0AAADAD,1686,99857.22348000042
2019-08-01 00:00:00+00:00,Elvanse 30mg capsules,0404000U0BCAAAB,1778,102874.53566000013
2019-09-01 00:00:00+00:00,Elvanse 20mg capsules,0404000U0BCADAA,809,44616.5684400001
2019-09-01 00:00:00+00:00,Lisdexamfetamine 40mg capsules,0404000U0AAACAC,721,41815.04437000009
2019-09-01 00:00:00+00:00,Lisdexamfetamine 60mg capsules,0404000U0AAAEAE,443,29898.701880000044
2019-09-01 00:00:00+00:00,Lisdexamfetamine 70mg capsules,0404000U0AAAFAF,1134,84298.33991000036
2019-09-01 00:00:00+00:00,Elvanse Adult 30mg capsules,0404000U0BDAAAB,214,12473.342400000001
2019-09-01 00:00:00+00:00,Elvanse 50mg capsules,0404000U0BCACAD,1681,110721.58335
2019-09-01 00:00:00+00:00,Elvanse 30mg capsules,0404000U0BCAAAB,1915,111526.6317100004
2019-09-01 00:00:00+00:00,Elvanse Adult 50mg capsules,0404000U0BDABAD,263,16505.166090000006
2019-09-01 00:00:00+00:00,Lisdexamfetamine 20mg capsules,0404000U0AAAAAA,508,27829.483580000026
2019-09-01 00:00:00+00:00,Elvanse 70mg capsules,0404000U0BCABAF,928,72062.0161900002
2019-09-01 00:00:00+00:00,Elvanse Adult 70mg capsules,0404000U0BDACAF,201,13176.814659999996
2019-09-01 00:00:00+00:00,Elvanse 60mg capsules,0404000U0BCAFAE,564,41270.5418900001
2019-09-01 00:00:00+00:00,Elvanse 40mg capsules,0404000U0BCAEAC,1011,62461.93809000012
2019-09-01 00:00:00+00:00,Lisdexamfetamine 30mg capsules,0404000U0AAABAB,1380,79441.96916000026
2019-09-01 00:00:00+00:00,Lisdexamfetamine 50mg capsules,0404000U0AAADAD,1609,96703.72049
2019-10-01 00:00:00+00:00,Lisdexamfetamine 40mg capsules,0404000U0AAACAC,812,49497.17602000002
2019-10-01 00:00:00+00:00,Lisdexamfetamine 20mg capsules,0404000U0AAAAAA,622,35784.64060000001
2019-10-01 00:00:00+00:00,Elvanse Adult 30mg capsules,0404000U0BDAAAB,225,12830.541199999992
2019-10-01 00:00:00+00:00,Elvanse 40mg capsules,0404000U0BCAEAC,1073,67720.9003400001
2019-10-01 00:00:00+00:00,Lisdexamfetamine 30mg capsules,0404000U0AAABAB,1577,89573.27166000038
2019-10-01 00:00:00+00:00,Elvanse 20mg capsules,0404000U0BCADAA,900,49542.766540000026
2019-10-01 00:00:00+00:00,Lisdexamfetamine 60mg capsules,0404000U0AAAEAE,459,30034.568319999984
2019-10-01 00:00:00+00:00,Elvanse 50mg capsules,0404000U0BCACAD,1785,117057.14142999996
2019-10-01 00:00:00+00:00,Elvanse 70mg capsules,0404000U0BCABAF,1029,79642.08832999982
2019-10-01 00:00:00+00:00,Elvanse Adult 70mg capsules,0404000U0BDACAF,215,14246.06238000001
2019-10-01 00:00:00+00:00,Lisdexamfetamine 50mg capsules,0404000U0AAADAD,1778,106028.23626999998
2019-10-01 00:00:00+00:00,Elvanse 30mg capsules,0404000U0BCAAAB,2018,119564.63769000048
2019-10-01 00:00:00+00:00,Elvanse Adult 50mg capsules,0404000U0BDABAD,275,17792.250910000006
2019-10-01 00:00:00+00:00,Elvanse 60mg capsules,0404000U0BCAFAE,587,42929.78021999994
2019-10-01 00:00:00+00:00,Lisdexamfetamine 70mg capsules,0404000U0AAAFAF,1258,92553.05086999966
2019-11-01 00:00:00+00:00,Elvanse 50mg capsules,0404000U0BCACAD,1736,113723.05258999977
2019-11-01 00:00:00+00:00,Lisdexamfetamine 60mg capsules,0404000U0AAAEAE,463,29984.90699999997
2019-11-01 00:00:00+00:00,Elvanse 20mg capsules,0404000U0BCADAA,655,33967.38058999997
2019-11-01 00:00:00+00:00,Lisdexamfetamine 50mg capsules,0404000U0AAADAD,1712,103978.86240999974
2019-11-01 00:00:00+00:00,Lisdexamfetamine 70mg capsules,0404000U0AAAFAF,1253,90600.18632000036
2019-11-01 00:00:00+00:00,Lisdexamfetamine 20mg capsules,0404000U0AAAAAA,407,21622.822580000007
2019-11-01 00:00:00+00:00,Elvanse Adult 30mg capsules,0404000U0BDAAAB,244,14042.216789999999
2019-11-01 00:00:00+00:00,Elvanse 70mg capsules,0404000U0BCABAF,1020,79903.2937700002
2019-11-01 00:00:00+00:00,Lisdexamfetamine 30mg capsules,0404000U0AAABAB,1543,86986.40260000023
2019-11-01 00:00:00+00:00,Elvanse Adult 70mg capsules,0404000U0BDACAF,206,13487.694919999993
2019-11-01 00:00:00+00:00,Lisdexamfetamine 40mg capsules,0404000U0AAACAC,815,48106.22653
2019-11-01 00:00:00+00:00,Elvanse 30mg capsules,0404000U0BCAAAB,2068,120992.9355000002
2019-11-01 00:00:00+00:00,Elvanse 60mg capsules,0404000U0BCAFAE,640,46167.047149999904
2019-11-01 00:00:00+00:00,Elvanse 40mg capsules,0404000U0BCAEAC,1174,72123.71125
2019-11-01 00:00:00+00:00,Elvanse Adult 50mg capsules,0404000U0BDABAD,267,16468.834690000007
2019-12-01 00:00:00+00:00,Lisdexamfetamine 50mg capsules,0404000U0AAADAD,1819,109834.16157999962
2019-12-01 00:00:00+00:00,Elvanse 40mg capsules,0404000U0BCAEAC,1074,66102.50871000023
2019-12-01 00:00:00+00:00,Elvanse 20mg capsules,0404000U0BCADAA,689,38343.93303000003
2019-12-01 00:00:00+00:00,Elvanse 70mg capsules,0404000U0BCABAF,1051,81885.13347999976
2019-12-01 00:00:00+00:00,Elvanse 60mg capsules,0404000U0BCAFAE,660,47577.20749000007
2019-12-01 00:00:00+00:00,Lisdexamfetamine 70mg capsules,0404000U0AAAFAF,1374,98309.45270999969
2019-12-01 00:00:00+00:00,Elvanse Adult 70mg capsules,0404000U0BDACAF,236,15909.404680000003
2019-12-01 00:00:00+00:00,Lisdexamfetamine 20mg capsules,0404000U0AAAAAA,479,26909.521710000023
2019-12-01 00:00:00+00:00,Elvanse 30mg capsules,0404000U0BCAAAB,2107,122427.61986999956
2019-12-01 00:00:00+00:00,Elvanse 50mg capsules,0404000U0BCACAD,1858,121316.7943499996
2019-12-01 00:00:00+00:00,Lisdexamfetamine 60mg capsules,0404000U0AAAEAE,511,33093.67388000003
2019-12-01 00:00:00+00:00,Lisdexamfetamine 30mg capsules,0404000U0AAABAB,1660,94233.47771999965
2019-12-01 00:00:00+00:00,Elvanse Adult 50mg capsules,0404000U0BDABAD,264,16740.54928000001
2019-12-01 00:00:00+00:00,Lisdexamfetamine 40mg capsules,0404000U0AAACAC,785,46289.38656000013
2019-12-01 00:00:00+00:00,Elvanse Adult 30mg capsules,0404000U0BDAAAB,197,11415.847649999992
2020-01-01 00:00:00+00:00,Lisdexamfetamine 20mg capsules,0404000U0AAAAAA,576,32886.97518999998
2020-01-01 00:00:00+00:00,Elvanse 60mg capsules,0404000U0BCAFAE,718,51635.40222999998
2020-01-01 00:00:00+00:00,Elvanse 30mg capsules,0404000U0BCAAAB,2372,138436.01943999968
2020-01-01 00:00:00+00:00,Elvanse Adult 30mg capsules,0404000U0BDAAAB,184,10932.660139999998
2020-01-01 00:00:00+00:00,Lisdexamfetamine 70mg capsules,0404000U0AAAFAF,1442,102646.71184
2020-01-01 00:00:00+00:00,Elvanse Adult 70mg capsules,0404000U0BDACAF,241,15958.740110000002
2020-01-01 00:00:00+00:00,Lisdexamfetamine 50mg capsules,0404000U0AAADAD,1937,115381.01495000007
2020-01-01 00:00:00+00:00,Elvanse 20mg capsules,0404000U0BCADAA,904,50034.25921999998
2020-01-01 00:00:00+00:00,Elvanse Adult 50mg capsules,0404000U0BDABAD,303,19165.833090000022
2020-01-01 00:00:00+00:00,Elvanse 40mg capsules,0404000U0BCAEAC,1320,80596.69936999996
2020-01-01 00:00:00+00:00,Lisdexamfetamine 60mg capsules,0404000U0AAAEAE,530,34704.99261999999
2020-01-01 00:00:00+00:00,Elvanse 50mg capsules,0404000U0BCACAD,1980,129404.39467000013
2020-01-01 00:00:00+00:00,Elvanse 70mg capsules,0404000U0BCABAF,1124,87358.86664000007
2020-01-01 00:00:00+00:00,Lisdexamfetamine 40mg capsules,0404000U0AAACAC,917,55260.3363699999
2020-01-01 00:00:00+00:00,Lisdexamfetamine 30mg capsules,0404000U0AAABAB,1872,107873.0192399996
2020-02-01 00:00:00+00:00,Lisdexamfetamine 50mg capsules,0404000U0AAADAD,1729,102804.3058699996
2020-02-01 00:00:00+00:00,Lisdexamfetamine 70mg capsules,0404000U0AAAFAF,1308,94326.98280999993
2020-02-01 00:00:00+00:00,Lisdexamfetamine 40mg capsules,0404000U0AAACAC,860,51823.438669999974
2020-02-01 00:00:00+00:00,Lisdexamfetamine 30mg capsules,0404000U0AAABAB,1705,98031.2572800001
2020-02-01 00:00:00+00:00,Elvanse Adult 30mg capsules,0404000U0BDAAAB,197,11584.221160000003
2020-02-01 00:00:00+00:00,Elvanse 40mg capsules,0404000U0BCAEAC,1252,76215.51033999985
2020-02-01 00:00:00+00:00,Elvanse Adult 50mg capsules,0404000U0BDABAD,284,17434.847629999997
2020-02-01 00:00:00+00:00,Elvanse 60mg capsules,0404000U0BCAFAE,640,46161.7572500001
2020-02-01 00:00:00+00:00,Lisdexamfetamine 60mg capsules,0404000U0AAAEAE,520,34528.83156000005
2020-02-01 00:00:00+00:00,Elvanse 30mg capsules,0404000U0BCAAAB,2137,122967.91847
2020-02-01 00:00:00+00:00,Elvanse 50mg capsules,0404000U0BCACAD,1766,114242.36274999953
2020-02-01 00:00:00+00:00,Lisdexamfetamine 20mg capsules,0404000U0AAAAAA,533,30495.81309000004
2020-02-01 00:00:00+00:00,Elvanse 70mg capsules,0404000U0BCABAF,1073,83469.64183000008
2020-02-01 00:00:00+00:00,Elvanse 20mg capsules,0404000U0BCADAA,778,42827.287720000095
2020-02-01 00:00:00+00:00,Elvanse Adult 70mg capsules,0404000U0BDACAF,215,14111.744010000002
2020-03-01 00:00:00+00:00,Elvanse 40mg capsules,0404000U0BCAEAC,1447,89607.73063000008
2020-03-01 00:00:00+00:00,Lisdexamfetamine 40mg capsules,0404000U0AAACAC,1016,60865.53799999993
2020-03-01 00:00:00+00:00,Elvanse Adult 50mg capsules,0404000U0BDABAD,320,19892.403960000003
2020-03-01 00:00:00+00:00,Lisdexamfetamine 50mg capsules,0404000U0AAADAD,2050,123417.65276000046
2020-03-01 00:00:00+00:00,Lisdexamfetamine 30mg capsules,0404000U0AAABAB,1965,113652.77222999974
2020-03-01 00:00:00+00:00,Elvanse 70mg capsules,0404000U0BCABAF,1275,98219.37054999963
2020-03-01 00:00:00+00:00,Elvanse 20mg capsules,0404000U0BCADAA,953,52826.83169000014
2020-03-01 00:00:00+00:00,Elvanse Adult 70mg capsules,0404000U0BDACAF,191,12218.459439999999
2020-03-01 00:00:00+00:00,Lisdexamfetamine 20mg capsules,0404000U0AAAAAA,658,36300.78699000007
2020-03-01 00:00:00+00:00,Elvanse 50mg capsules,0404000U0BCACAD,2074,137674.07874000046
2020-03-01 00:00:00+00:00,Lisdexamfetamine 60mg capsules,0404000U0AAAEAE,587,39372.47775999993
2020-03-01 00:00:00+00:00,Elvanse Adult 30mg capsules,0404000U0BDAAAB,256,15047.742500000004
2020-03-01 00:00:00+00:00,Elvanse 60mg capsules,0404000U0BCAFAE,777,56255.98353999987
2020-03-01 00:00:00+00:00,Elvanse 30mg capsules,0404000U0BCAAAB,2541,145357.26537999988
2020-03-01 00:00:00+00:00,Lisdexamfetamine 70mg capsules,0404000U0AAAFAF,1497,109217.45967999955
2020-04-01 00:00:00+00:00,Elvanse Adult 70mg capsules,0404000U0BDACAF,219,15387.726740000006
2020-04-01 00:00:00+00:00,Lisdexamfetamine 40mg capsules,0404000U0AAACAC,949,57603.09214999982
2020-04-01 00:00:00+00:00,Elvanse 60mg capsules,0404000U0BCAFAE,686,49883.46897999991
2020-04-01 00:00:00+00:00,Elvanse 50mg capsules,0404000U0BCACAD,1876,122716.23803999976
2020-04-01 00:00:00+00:00,Elvanse 20mg capsules,0404000U0BCADAA,841,46486.39417000006
2020-04-01 00:00:00+00:00,Elvanse 70mg capsules,0404000U0BCABAF,1224,93401.33099999974
2020-04-01 00:00:00+00:00,Elvanse 40mg capsules,0404000U0BCAEAC,1245,76944.58853999974
2020-04-01 00:00:00+00:00,Lisdexamfetamine 60mg capsules,0404000U0AAAEAE,568,37995.72978999995
2020-04-01 00:00:00+00:00,Lisdexamfetamine 50mg capsules,0404000U0AAADAD,1881,115188.8561999997
2020-04-01 00:00:00+00:00,Lisdexamfetamine 30mg capsules,0404000U0AAABAB,1865,105426.70948999957
2020-04-01 00:00:00+00:00,Elvanse 30mg capsules,0404000U0BCAAAB,2200,127484.2367599996
2020-04-01 00:00:00+00:00,Elvanse Adult 30mg capsules,0404000U0BDAAAB,233,13642.724059999993
2020-04-01 00:00:00+00:00,Lisdexamfetamine 20mg capsules,0404000U0AAAAAA,594,35703.72338000004
2020-04-01 00:00:00+00:00,Lisdexamfetamine 70mg capsules,0404000U0AAAFAF,1488,105165.40135999973
2020-04-01 00:00:00+00:00,Elvanse Adult 50mg capsules,0404000U0BDABAD,331,20180.32349999999
2020-05-01 00:00:00+00:00,Lisdexamfetamine 20mg capsules,0404000U0AAAAAA,557,31752.758709999995
2020-05-01 00:00:00+00:00,Elvanse 30mg capsules,0404000U0BCAAAB,2062,117867.21289999975
2020-05-01 00:00:00+00:00,Lisdexamfetamine 60mg capsules,0404000U0AAAEAE,556,38152.39607000003
2020-05-01 00:00:00+00:00,Lisdexamfetamine 30mg capsules,0404000U0AAABAB,1845,104527.60919999974
2020-05-01 00:00:00+00:00,Elvanse 20mg capsules,0404000U0BCADAA,811,44862.78408000001
2020-05-01 00:00:00+00:00,Elvanse Adult 50mg capsules,0404000U0BDABAD,316,19736.362789999992
2020-05-01 00:00:00+00:00,Elvanse 40mg capsules,0404000U0BCAEAC,1235,75129.39051000017
2020-05-01 00:00:00+00:00,Lisdexamfetamine 50mg capsules,0404000U0AAADAD,1896,114564.27000999998
2020-05-01 00:00:00+00:00,Elvanse 50mg capsules,0404000U0BCACAD,1813,117777.73926
2020-05-01 00:00:00+00:00,Lisdexamfetamine 40mg capsules,0404000U0AAACAC,926,55559.207150000046
2020-05-01 00:00:00+00:00,Elvanse Adult 30mg capsules,0404000U0BDAAAB,238,13999.50458000001
2020-05-01 00:00:00+00:00,Elvanse 70mg capsules,0404000U0BCABAF,1192,89161.27987999987
2020-05-01 00:00:00+00:00,Lisdexamfetamine 70mg capsules,0404000U0AAAFAF,1468,105625.56936999984
2020-05-01 00:00:00+00:00,Elvanse 60mg capsules,0404000U0BCAFAE,662,48214.80222000004
2020-05-01 00:00:00+00:00,Elvanse Adult 70mg capsules,0404000U0BDACAF,217,14331.401999999998
